Unique Applicant ID , Age, Years at Employer,Years at Address,Income,Credit Card Debt ,Automobile Debt,Other Debt,Outcomes: Default = 1
1,32.527992695314055,9.38811247242522,0.2975866635336298,37843.67901927915,-3246.656516129745,-4794.706076020942,0,0
2,34.578225634949476,11.972863627459002,1.485103234951974,65765.2298987421,-15597.775662324955,-17632.168588110722,-8323,0
3,37.697188433488144,12.459833004193461,0.08544386166658902,61002.28547149933,-11401.917618160862,-7910.242809457028,-17354,0
4,28.684510465999875,1.3871435812134534,1.837598055126811,19952.734936763583,-1233.3784497746633,-2408.0973554718266,-1463,1
5,32.6146714996556,7.488820603909839,0.23412163258243804,24970.128122412683,-1135.6805427010672,-397.32318864735043,-10812,0
6,39.31873513500395,4.578835333223983,2.0319177923005185,222106.36405955997,-16353.385800424536,-55418.56753466353,-40262,0
7,46.84674937149467,16.900791117598846,0.9978889181989219,74282.9718810347,-4468.471366742268,-8517.321265405808,-31131,0
8,42.00173430921292,15.930614719152564,2.8020593210734366,117987.39337035212,-5313.202481485309,-1796.6513475930628,-71808,0
9,46.78006717691106,11.962431605718844,0.6693725624959341,55248.186810609084,-7435.190299234627,-18232.5466627922,-8236,0
10,27.272832471590558,9.473223948920818,0.47887770014103703,33039.87576769152,-1833.3318931795757,-3631.882248157497,-16278,0
11,35.27290763243405,1.042530902065629,0.7761836548381674,20059.741253096825,-3898.767801101646,-2634.0089814388557,0,0
12,25.965184925533375,4.208082809864017,0.604666421237323,35386.94213486464,-191.06994474981784,-1661.0668495284679,-11924,0
13,32.33919070749824,7.40073588356231,2.9002149440635616,35107.89453451502,-1315.9524119891794,-1951.392753961008,-2153,0
14,48.81811577771273,22.36845188276694,0.04200748920169131,116698.3742880109,-8254.78942264952,-9029.942782755432,-5359,1
15,51.80612100942305,26.626096662003846,0.5418619260804003,165132.22489419524,-1754.2799676063444,-34032.97838551613,-75002,0
16,31.321249957376676,7.8429191909970655,0.3498094669228729,41564.57008290626,-341.0303852403947,-11029.77425148159,-10382,0
17,27.298561795426647,7.703513168498208,0.26212793369732035,35830.70443797047,-287.22741124517944,-1158.014070116625,-1095,0
18,25.58380212374691,2.7477073514543333,0.4617915480029425,17830.424539834556,-2145.188740925376,-6227.879418181154,0,0
19,31.48609340147958,13.634791363606167,1.0400592943572557,67805.57969232877,-7509.746552730283,-3131.712676541949,-3982,0
20,43.69561582281448,2.575811865790073,0.2829521838682568,20192.437340153865,-322.9208685185632,-829.7140010097687,-4143,0
21,31.179627397817736,3.6921304846426453,0.024527063628087774,12517.0558314127,34.16381723781649,-642.1474818512041,-1509,0
22,37.350212873136456,20.986999823084805,2.0194706017492314,92609.20121489203,-10895.06812476204,-18365.187803195768,-6691,0
23,41.97053838827618,14.45333719360187,1.987148095044712,55837.35676111211,-1443.2297435038158,-3773.8190714044863,-5227,0
24,46.09328223815427,25.780530045739642,0.30161638695601123,63307.33781552308,-1931.0206058860053,-21382.34311722807,-17581,0
25,49.44662712081031,4.570111541551188,0.6694502086412509,29488.54491564018,-1201.6021743809988,-3453.357703374206,-11507,0
26,25.163976971288786,9.308138600544268,0.3593158981059629,27375.727091279023,-1144.364619416537,-4041.625172990273,-10990,0
27,39.68177881637022,4.287113088294552,1.7435993945736548,73552.82708146199,-1711.3801190476163,-1285.282214979586,-21556,1
28,30.799678852086075,0.5829953885332834,1.8222858697199964,19312.633294967578,29.988405634568466,-495.87898404542295,-765,0
29,39.612560967404725,1.1865563616525217,0.02209184426344267,20357.131468654232,-600.2817487569765,-3112.027452640714,-9780,0
30,32.61360418552094,3.6352299998575606,0.7186137978587068,18431.37599809607,-447.78757624222465,-3283.476515112858,-3773,0
31,39.42180181283743,2.352062396572565,1.1548056162703788,12507.961158196327,-3783.22639367617,-3375.63937689242,0,0
32,49.10574078103201,11.666735099067878,1.1734616029136873,77851.45418073428,-1953.9165355820962,-10429.360332812903,-16117,1
33,35.30711195406474,8.830287186100513,1.1953499425044436,28597.60903123328,-888.1300004707382,1220.426768652599,-1563,0
34,27.32943098872167,7.855985238123741,0.05677872990550602,21613.02036352106,-26.986302640174017,-1008.0110638189736,-5335,0
35,42.023871361444385,12.292490797484756,0.7261453269972147,84269.86899668696,-3020.1442556778693,-19178.49940560422,0,0
36,42.82848728592482,0.9107213403252792,1.051895280050032,64388.605727054455,-431.63584833480286,-7002.180343663924,-26175,0
37,28.495138136359376,5.182786326205139,0.28412556451040444,16710.50549248035,-1234.2127169025464,1246.8612655853394,-4609,0
38,49.64621324755185,15.117785542187583,0.7990156850243293,80738.32755857582,-5167.835181760352,-2203.914640801172,-34870,0
39,26.51776028808089,0.7455689953789386,1.533205889575216,13790.475134843457,-5585.979288313559,-7900.433919065781,0,0
40,27.903744192939303,11.441545564031113,0.2611341703000052,35216.16731815263,-3093.4318814815397,-3920.2347742581787,-5927,0
41,47.176445032148926,24.532598224653018,0.9848837574901959,117904.27792265589,-1368.0493075738868,-10137.604466064851,-54392,0
42,30.376677616729616,11.803159616580231,0.32060028131282137,32064.92992469825,-357.0747387479755,-219.43359726307153,-4620,0
43,29.91283923579013,6.77465197609108,1.2587742787971243,19060.252794048065,-2337.5832265656945,-4486.246527710183,-468,0
44,35.47768446082912,13.103107449257873,3.696147882854225,81993.01931614819,-736.4465405377002,492.94841160736894,-20077,0
45,39.565472853080266,23.89559563613365,0.3723652990152702,70301.97551975888,-6211.33223877031,-21486.69355302678,0,0
46,41.07586965634336,14.513927786991632,0.4874865445341692,35721.61201455736,-2568.8867307674795,-4369.071061151693,-6350,0
47,32.1625204594861,7.366487114983529,1.2649092390809764,42544.94304479222,-5967.03022712155,-19498.852154924352,-4285,0
48,29.2592719017661,4.328135548914003,1.1413409769854237,38366.84239915797,-2460.2473755859837,-2223.666604070464,-8847,0
49,40.554756244791854,6.258049042677093,1.4476220178692611,191461.21332659732,-6309.382847791489,-23389.468784221026,-29698,0
50,23.67787920875486,3.4030962718100377,0.521333566359627,50444.854550787546,-499.5389393484215,-9581.660970416775,-22226,0
51,43.63556091690041,18.97221708034795,0.9018826134980957,451319.66674940364,-32050.3773558026,-24527.776029430403,0,0
52,29.41819023588474,4.612871985609874,0.2598925859899268,24542.260623207374,-126.18254370921746,-2426.7302130077387,-1893,0
53,23.306455442337327,0.9674839173798226,1.1729947546899304,24527.75835340889,-757.813729871506,-4273.45210635907,-68,0
54,34.037149941544584,8.710565417962533,0.13768125444928936,36139.600624501356,-1246.5619973451855,-5135.496229721847,-14040,0
55,31.64594452979238,9.125206599652234,0.7710826573247201,46319.849710984716,-1866.6903346519766,-1458.1058383139687,0,0
56,28.93160073352657,6.120362886525275,0.07010961438189894,46793.91464712286,-2352.971531405629,-2643.133603594316,-6197,0
57,44.23940486450374,20.053775281131074,0.2456087609027706,112352.1138728328,-6492.501297575864,-24003.177377064505,-4603,0
58,22.193854768251384,0.5227988525675777,0.14183425435758806,17677.209505272764,-320.09423200501885,-1198.4316348604646,-5250,1
59,21.35138985684946,5.532922776760606,0.9456258686928656,14330.949505121729,-1810.6701348781996,-4767.521512227838,-2518,0
60,37.31321550685643,13.801877864344853,0.4285484102887322,71325.90946106303,-2050.773465373556,-2719.3932119784386,-11863,0
61,28.988388185705965,0.6283213302544739,0.4369341712233719,18097.986746815408,-184.10736940131727,1747.2351901668671,-7520,0
62,37.495216878393855,5.328277924907315,1.1733474291954706,18686.671333008217,-351.5813402521061,-2285.738263790342,-9685,0
63,25.419627719905478,1.3418863894938788,0.9866788505566316,28272.714090130696,-3513.0312266593187,-8886.80169641793,0,0
64,30.484265657631674,0.34510710425481356,1.05560667407507,15263.134755452786,-1604.1119328508416,-5876.320716061079,-2694,0
65,38.22738412520457,7.510564110613156,0.4591191974456609,39352.22952678322,-415.46346201381937,-6147.012194037769,-3224,0
66,54.821028023115296,0.6433347387661299,1.245069105572409,27061.00951691255,-5516.620179849309,-10775.287389556837,-1182,0
67,32.72472854407898,15.556278343972188,0.05808131933187332,74097.5338049643,-7919.703677252346,-8218.16771137191,-34454,0
68,30.009301956713195,4.043349958036917,0.5691867206894838,17915.11971078102,-497.9959734309075,-306.81659032831703,-2907,0
69,28.59552274668981,9.843511096176826,0.5642205268734944,23057.981939325073,-1417.061162727725,-3334.7577853832345,-9860,0
70,26.960818557801435,0.16997096460518654,0.5079119424413135,21170.234703007973,-2840.0402708913844,-3925.133045035889,-1171,0
71,46.9581153579356,1.793608941955168,0.9656299472233791,26287.240260699047,-1481.320822290358,-445.94958646981036,-3449,0
72,30.242779959551754,1.5767447569219037,0.9973059754163457,15146.138802595442,-558.2463161337475,33.8472510880938,-8256,0
73,43.03093094805616,4.461015683940909,0.3715652664456095,31945.40541521811,-845.8464368483375,-2328.3488404899526,-13112,0
74,27.985746209396968,6.899093151727837,0.6789245423467802,29452.161731825152,-822.1561304084895,-1067.3432282615704,-6421,0
75,33.2288401603161,5.859888864901906,0.6003817127526837,20503.560203579535,-1259.3776774523915,-1559.8410075545544,0,0
76,49.1525159920421,17.115173236953975,0.41990800187386784,112964.62550811064,-6628.533902605533,-21659.828260581387,-39940,0
77,27.774820538070195,1.3208808309935218,0.4492963746309791,18507.50216732828,-2136.109515565262,-2306.63163400355,-551,0
78,49.49045064947819,8.74068657817122,0.982507941612987,16478.303014302,-173.2723061042092,706.6066766844665,-3604,0
79,31.02444738796598,9.664908467286757,0.2891742798836741,52303.57986955169,-5215.323558393101,-17393.81619525684,-13519,0
80,42.198334061287454,6.5845398573178695,0.6023015068495925,34375.08469043118,-313.2561468002451,-2349.0705328646054,-6259,0
81,45.448915247731875,31.646028794313985,0.6221035629302116,249835.9728561323,-18532.4437607727,-17228.155228443382,-87032,0
82,30.83120375117135,0.7186406450496503,0.1896808327757419,25222.923658431286,-1887.6716792055565,-3179.9951669285015,-6952,0
83,26.985532695329688,3.3225612945919707,0.12422819982355711,16497.575759540137,-1539.144549961172,-2102.1814919442186,-6018,0
84,23.940739472949126,0.6773517005551917,0.441760135288132,19047.964587440005,-580.5325989063775,-3148.41742373723,-2056,0
85,41.791484968816206,10.793066301555148,1.0135609398485579,35484.65352764582,-2862.480753662093,-4971.338243838975,-14789,0
86,38.552951916159735,16.91530554396461,0.6334860256083631,95948.5053577776,-2874.6129257568628,-591.4436236149891,-46886,0
87,31.4847692851993,11.60133720464814,0.4574052440455029,62995.99576509883,-11125.902090858392,-13652.343594266848,0,0
88,24.083213774847565,0.14347729189676528,2.1219824241554224,18529.10174977006,-172.14811537600156,-2671.172780350706,-1181,0
89,31.50312308547324,8.333074264434504,0.2773331515075474,39168.781621089416,-1980.3106730610082,-4428.426054512687,-9367,0
90,46.27870617974621,7.966004879372382,0.552598113297122,36913.58182736162,-1949.9482773937077,-687.4571493324761,-8760,0
91,45.656076519467156,18.219485916286267,1.1608663415911624,83778.00898361139,-1645.1754597641234,-10597.649430384972,-3393,0
92,28.654799919950793,11.317143778336595,0.11654737243279505,26330.23124059087,-2583.9400991322523,-2078.652189136,-7635,0
93,33.704260494315136,5.462933692433715,0.3281118590902199,41564.97231603565,-5272.9197994937695,-8861.815429002505,-4165,0
94,29.916091765262557,0.28116556443168944,0.3426584025536117,25886.416960867988,-2659.800923082012,-11607.719410652082,-2655,0
95,44.78493551474176,13.288400368880303,0.5392487443596694,61042.23606195656,-9939.913246414475,-10871.61554226459,-21317,0
96,32.08518248133389,7.435711042966001,1.8377658777152608,25162.02687495385,-647.9341947352717,-1691.2798449196653,-2811,0
97,23.98841782109856,4.519136950868089,0.5027422921897512,11522.101233620448,-200.91372022730394,-1622.1903562291895,-5495,0
98,43.68450351934928,18.1202187906039,0.8507328789354771,46788.186823788696,-943.884411339358,-1547.9050049044254,-18588,0
99,36.75687623887964,10.02938212562205,0.745256634472317,46220.85560061032,-1026.661810659311,-12244.679717811385,-3601,0
100,53.9744796490805,31.37192855310369,0.4497988815793282,250322.7661546924,-8504.737166661635,-30319.015161742725,0,0
101,35.828981990899294,6.402912172092584,0.277727249381124,68075.25851919455,-4241.049500132677,-3024.520270177788,-31028,0
102,31.612582244669643,9.641135841005914,0.47084855389841496,49859.31126578078,-6374.21209484906,-4486.841599628175,-3726,0
103,27.760447064410066,7.4434106955051496,2.134067943516871,27253.849305802374,-1083.9794847061198,-1014.322235849359,-8151,0
104,46.29123274944951,14.534093223445865,1.6623293735378148,69674.12038299054,-4305.197381871883,-4915.374509720513,-5251,0
105,51.034230809387395,10.983877057194835,2.2118478144586304,35666.0180217359,-4834.298724422453,-1982.9750133506332,-11975,0
106,28.495189318010127,6.019104595631396,1.1287371191165745,29038.06550782065,-4224.051290951925,-6675.967337888349,-1306,0
107,35.93384385068011,18.7384306927984,0.4124902084622216,58225.704806904854,-5095.150396065935,-11737.17205432511,-7862,0
108,25.79975163533949,3.6310585657351417,0.1844270271488438,19827.500009851752,-2952.21990803668,-4217.488932961272,-406,0
109,46.602983752583235,11.458925090081628,0.538250033751214,52869.21085677876,-5045.795567894005,-14190.148628088515,-14283,0
110,29.120811141666064,8.588068909076286,1.00946995616442,35059.66186634614,-1459.7345889366873,-4420.712753541693,0,1
111,30.141514065904207,13.755731165649204,1.302281001812935,58770.466643534215,-6475.845312757542,-9729.38451975592,-15865,0
112,20.428976419689267,3.008646469909943,0.8016096164206188,24264.980091746776,-2806.586115753585,-2101.3405902138834,-3730,0
113,33.77085044609806,10.616173508053144,1.464975356834212,48850.00835839449,-701.9765866718287,-66.03488561319364,-29592,0
114,22.85631716626624,3.5368954653935396,1.6722520624659842,15752.417432198848,-38.673229554272396,-3395.437545366139,-4812,0
115,24.370465689115964,7.76567185454524,0.08968402092656926,20413.611575706473,-704.9609777675805,-1789.117456498407,-9985,0
116,24.125265288903663,2.4957961159804225,0.8943491771793994,24754.126380623675,-2502.906425583576,-3714.6737462410556,-3286,0
117,44.337556620544625,2.603568125404469,0.19265320046845635,33714.178352891286,-2380.468450924416,-1754.9136384307699,-179,0
118,32.67947118523826,15.822981722182583,0.3997731768814182,57887.09497739238,-1614.0824607150607,-2515.7948377927096,-15617,0
119,36.72670626811494,10.916120299818713,0.7948454947669176,73158.8834115526,-1336.6022528747649,-3991.5292164228654,-2087,0
120,35.602087787563605,13.640140962177654,1.4236426515974865,53531.01965477123,-2849.06492658814,-6308.539008431946,-9969,0
121,37.490793991577554,15.024352386161091,0.9352870295759367,40240.624550019464,-8961.178723759149,-9642.502281156278,-4756,0
122,33.00947869310333,8.796159395598973,0.5632380999219156,48643.94672827252,-777.1998455433568,-7195.895826412809,0,0
123,29.04483214713161,10.763670048472799,0.005107551694288583,43358.95947775583,-7606.1616288583,-7822.359518377283,-14818,0
124,47.11723409190757,22.949875469636673,1.0066981655653706,97958.23947269023,-1736.929846248241,-3752.702901288723,-21070,0
125,37.0116562248983,3.8426842917065462,0.012266420569561513,25487.303019189694,-2464.7679353340895,-5022.072647808868,-9071,0
126,35.16510334445168,15.51262798109375,0.4625382634774522,47201.27554746584,-14557.034238201939,-22228.208839224648,0,0
127,51.10405085697394,6.024085936316146,0.483596188062253,28923.753487509308,-198.76068821902075,-5224.123317764298,-5817,0
128,55.724062671785894,7.523549436926599,0.33533231573630873,63053.93630272352,-3932.951428202743,-7378.678016803231,-13712,0
129,41.70779131792378,10.031380590153248,1.4720680333647458,72712.61252355442,-5636.035114958724,-5688.416760141448,-22763,1
130,23.987949887834684,0.3055601300682232,1.0998597420520386,23257.961242575417,-1472.9711039921094,-4458.865158273796,-3575,0
131,43.14373112262078,5.893130039311878,0.273163082477683,54688.120712354896,-896.8820360590146,-13897.729278011486,-584,0
132,25.51211441720918,0.799211687488651,1.6188420342725403,26906.917086522164,-1129.051520085303,-1550.9390272141675,-2301,0
133,33.71380197246149,12.704102418151413,0.5206275591827176,24672.213489672245,-2293.944643260016,-7103.669764189837,-6291,1
134,36.53462418480264,10.586214866265351,1.9181322457182537,30473.50163538789,-2608.6227185444277,-2693.396710564875,-13820,0
135,42.72507114343796,11.332479998985406,1.4397733133159236,31996.652164624218,-773.2220099709525,-3863.0999707062174,-4838,0
136,21.3915601739489,0.32791665345343646,1.012136000195208,25383.50524529776,-1210.3161144153987,-3348.6203982135557,-2937,0
137,27.0593086168358,9.281647483860347,0.7078409509029434,43992.573910175604,-5813.487354732469,-10240.547426238063,-3854,0
138,25.719164238610443,4.585261368681312,0.9344856007849893,20668.52604641461,-664.4058493184573,-1563.2996225181405,-11102,0
139,42.507524527880314,13.03874854914348,0.19870870120960835,35459.33896342968,-3854.7063227444373,-4736.103628987461,-4301,0
140,26.19906019950821,2.8239801121300374,1.0727525201701047,25410.215823742896,-2234.6706300020683,-4641.431865858455,-7419,0
141,28.99211716876443,1.6043455257449903,0.90116979957032,14719.762506654131,-391.82026265178916,717.5395094212204,-5464,0
142,34.83806077036445,4.360356608720568,0.6045516652096542,39647.71480176092,-1471.0919491457657,-2958.699571779748,-19540,0
143,32.125359066172116,0.6719553159967042,0.7015528277136874,33664.057533347535,-1578.9263142581913,-1008.0258536497366,-7254,0
144,40.25258222151517,13.844884894739607,0.0901188496507371,65386.320770370585,-1808.0866179967936,-6357.506683623276,-15124,0
145,40.21544912849978,24.205311966903643,1.2956305299209425,77330.26567745292,-13081.84498457511,-11505.480539866288,-19690,0
146,23.44257710633401,4.829643649316593,0.5997495237221843,22267.45809439581,-646.3335513563552,-3964.4083861740382,-4431,0
147,33.271497808276905,5.474687443749677,1.0998939035659725,44970.09722163314,-3555.1902825171583,-10735.317090361243,-6519,0
148,49.8543407871401,5.385847010035075,1.7915490282693887,80182.12406029463,-13904.697901656828,-13034.715692999582,-4287,0
149,29.006625735688623,4.910128957913054,1.0154417084597371,35784.33562284307,-1573.9983799705872,-4676.624834002067,-15327,0
150,25.956801637543002,5.2980374701553865,0.03181595334735473,76293.34905423732,-4397.208334732502,-6020.494037636813,-32426,0
151,24.391708287537227,4.493723905208958,0.8532819496115915,23507.488154452858,-209.79664560774458,-1695.71996510205,-1337,0
152,27.086531598944024,5.494153293477577,0.07654751974898413,12590.354258919511,-754.5195499480393,-1581.8851993413732,-1194,0
153,31.042745838028427,10.964524869784432,0.9987693370612563,28163.570419126732,-350.9637216755374,-2871.0596415199716,-14389,0
154,31.4862822173566,2.0154751355724474,0.7211425188886347,22928.429233305676,-4104.037344568258,-2219.8617619345287,-1808,0
155,33.92776486885958,4.600738159602804,0.8029376424465604,16859.347786606322,-1908.3582769177688,-2807.0082790126608,-6319,0
156,26.493612170230357,0.4515735686717759,0.17455950108433682,16585.036067715944,-3910.0037183358772,-5586.627989284853,0,0
157,33.77923857886239,7.629263012264866,0.3066340143800901,31945.446568770618,-1571.9103579919438,-2553.275039142054,-9411,0
158,33.09714255280392,11.116102230659205,0.182764088937398,27089.625889466384,-1534.8207524364334,-4258.4017952087925,-7448,0
159,23.852719610272704,0.5831533610018288,0.03237957999715685,33500.67384833221,-4330.959467678489,-8748.369109672627,-4892,0
160,33.256634785565744,7.613920062428544,0.11149172785548651,24082.794372280056,-1325.2050882033445,-923.5024398172844,-9550,0
161,47.084543108723174,29.568042939312495,1.8445870725678315,149418.10683488334,-7972.945235467425,-13568.392088970197,-49535,0
162,20.43456700544771,0.6244378137255424,0.3145343700810879,16942.23063501513,-411.6131490144928,-4703.8338246642,-1179,0
163,31.652901407727953,9.788566888767399,0.20006011494447423,29746.858882249864,-396.0345192099095,-194.0891405649055,-14816,0
164,36.363257005594356,14.104130764567063,1.4140142398488664,53737.47498860182,-1597.101120230374,-3615.74666311158,-26611,0
165,33.93947340986774,11.44133347201673,0.8088086981980626,31123.046114973742,-4246.518157800423,-2142.272407419081,-13261,0
166,35.93493149598327,5.007410753182586,0.25926584004333086,20367.1461134129,-290.63531199803236,-3493.1613520649407,-5205,0
167,26.254725675186485,7.23291861229599,1.4039689685175794,15723.454011390706,-1074.5858417481745,-1288.2930444207911,-21,0
168,30.31118411130961,2.0414415408722393,0.7991391259879227,28720.26307307689,-555.1270340551607,-2600.236049044006,-4416,0
169,55.57886382740484,11.74257070120515,0.19862118823593844,57901.2862814718,-9563.010764263849,-6762.581910453488,-10922,0
170,37.29560011165748,21.794202736823113,0.6206971454750178,48116.74807817,-5082.092500290858,-2942.4699527718126,-15197,0
171,32.369319600114515,3.4034284557627545,2.0235825739821407,24385.94104501613,-3679.7639321529314,-2723.8808747622365,-6057,0
172,20.189576211003523,0.3172774816974904,0.6507720665578408,17109.460524671937,-4164.165193163639,-6581.296132282466,-698,0
173,26.837822334453026,12.786442884859136,0.33387962814752353,95717.05978158073,-5807.63262053181,-6871.332575682909,-48566,0
174,38.12358026869538,18.288822428974125,0.8919834995933092,45261.92252150554,-717.6409656014541,-754.0179325896812,-2868,0
175,33.16044166178034,13.451159061462967,0.22155076425619624,25894.59198334562,-1027.7510200061172,-1074.3225644056781,-406,0
176,28.523248697238333,1.330566502448088,0.7144962728542433,30967.944508072665,-3426.617203408317,-4259.56651970831,-5467,0
177,26.602754588821515,9.733696028617656,0.11518160071370698,31196.19405334855,-858.562866341105,-4226.917642267425,-13132,0
178,36.199846441670395,6.327965308691542,0.6513244286533351,35807.62886648067,-3371.4841241971344,-10031.864660073488,0,0
179,28.8780298908111,0.9936886244269527,0.8093565117512096,16539.508056281666,-523.4621267006565,-2422.4055718690342,-7876,0
180,25.231528165741395,1.6422286001723998,0.8547732019454327,14781.16529234557,-457.2151030268821,-2988.8460964790397,-1438,0
181,27.856429866741472,2.7538152621166683,0.5592821073950376,27109.373958374665,-826.3316160394045,-5903.39104276838,-245,0
182,35.958337041610164,4.960082980675146,0.4453335862262744,19911.716929399292,-1345.1050052333371,-1488.6675370748392,-233,0
183,33.680595104938185,15.802588495315447,1.8653056689027754,59362.35631435837,-3681.4880330261058,-5971.532679732913,-13667,0
184,29.34648725068211,0.19564726324482806,0.9710934836796767,22488.208553226024,-677.4349491901114,-5391.431673560625,-190,0
185,38.3532783388071,19.196674083640975,2.090933543563728,73367.40035468832,-7698.4473152896935,-32857.82228966203,-1231,0
186,36.05293829094882,4.116547234146143,0.041947339511007466,17289.69277053404,-909.6889468418437,-3459.713552711659,-799,0
187,25.815978758694328,0.4510992843814139,0.3394410896900617,34053.98665978759,-4387.782117085886,-5064.726609660913,-179,0
188,32.22754902386257,8.161311207755622,0.4918912484168878,25633.035822831534,-485.6098507280625,-453.25759772100787,-922,0
189,31.07432209871287,0.4946700684091132,0.035526817282799314,16795.955067901967,-403.7002871542612,124.57015967965651,-3406,0
190,38.08296614760685,17.82513438874348,0.2179367256944967,67276.61640972373,-10497.478673070123,-4908.372298056489,-23644,0
191,51.75498668373074,15.311418638205827,0.3974035925557402,46265.46001403995,-2569.221967847932,-2339.418220030991,-14994,0
192,40.01286703278758,20.181741944400848,1.6362473290360957,144700.36491167374,-6447.4388184168565,-29135.042519927178,-55929,0
193,28.26545363898077,6.851477607541273,0.3909795484123217,52053.61609725267,-2458.758894214076,-13116.617594203688,-3,1
194,38.66200460800753,0.6056025450407536,0.128400902583544,30128.621361757178,-1210.4927928994985,-2707.149914826897,-4860,0
195,44.13364840447053,0.038036530328417466,0.7619006179837231,25094.200598355783,-293.207213253321,-2250.20482391979,-4723,0
196,42.1964485179329,13.251453627958696,0.5826260013299397,58643.794323450784,-5164.710651931381,-11395.312939066496,-6705,0
197,24.599520365913456,7.82043640299953,1.9322918069943869,17453.121524680137,-983.5775495724985,-1431.8410312361282,-6652,0
198,24.965291177140625,2.3694259609887984,0.311767719254926,27214.160156711438,-1446.019545427508,-2100.6933616074475,-3498,0
199,38.961368923816266,16.692102085593675,0.6901196789418328,115210.81642130332,-3205.9737550110094,-25826.622271723827,-20902,0
200,45.872203519848,16.413812467531063,0.012214156780950298,123171.43473705507,-1195.0289392025488,-6469.828307323092,-66395,0
201,25.923831915545904,0.34994294467971854,0.23969431516044912,12180.599689044318,-2057.281182182171,-3696.3128375267497,-2259,0
202,27.79547148323456,4.465622273263394,0.3655155989624602,38536.24386388324,-6970.266233124351,-3018.0628998511156,-1776,0
203,37.33211021436821,9.300893467337456,0.022172232539428165,30601.94958585778,-2891.7701663146454,-1673.6445208274292,-6811,0
204,27.996472720832426,8.425069484938891,1.059541790346391,15587.51277708365,-38.11403568281932,-1757.8681939445605,-3240,0
205,39.24311283838369,5.396430044512,0.7398761384774979,27598.75525026267,-775.59124126531,-4374.0530295272365,-853,0
206,30.672990066530048,7.810519970354991,2.466751746990059,16574.84386036811,-832.8197528763699,-3200.1448422761805,-5819,0
207,36.128017393985274,0.20003672220703747,0.9474459269857454,30115.22071098403,-245.08071925222333,1215.0259095615631,-14313,0
208,28.880336542756446,4.303177003728779,0.21335494348551648,39699.02817521303,-503.94454107525223,-2298.18587403677,-12748,1
209,35.00531529346467,9.817899901997695,1.6676801090534175,30621.421783611233,-830.7837109760247,-2705.9209255632936,-5174,0
210,43.38495157471494,10.252315048076431,0.5678967029615996,54600.94835066296,-1861.2532943836395,-4448.7603048196725,-20009,0
211,34.409869118921634,10.463649235788763,0.4783326146086841,32726.75475051959,-2379.387769130398,-6655.504300259699,-2741,0
212,32.453739639870115,1.1360688560426004,0.8284193570120525,20581.3421409232,-119.68472545590643,-3642.3010021394693,-1971,0
213,38.78125059260042,13.630925001544691,0.9532852678077948,43637.38953936074,-664.5051195485966,-216.6697701981917,-13743,0
214,29.13855835639756,10.582365798825768,0.7005118284229048,54916.592663103904,-9303.601835753205,-10578.554672559685,0,0
215,42.00412494565282,4.601985834439714,0.5300047238621337,37702.34985340517,-3196.3325366273184,-8647.051297999727,-4673,0
216,36.86466708175402,15.135367843267385,1.227705249987846,41990.732123605434,-466.4585054909528,-257.84082143771764,-15178,0
217,38.32655897233144,12.222852678752519,1.1815020257492919,62888.707459001,-3390.8726439849593,-4983.46418496817,-7332,0
218,27.543626052091923,5.383685861371313,0.13461835982432455,27477.166018931493,-580.8511173115085,-4856.983166510767,-8957,0
219,30.217270653938773,1.3528014247198716,0.36882110341811986,25276.836763355153,-1108.8749132759046,-3672.6795644201034,-8858,0
220,24.236946936898715,5.91186850988862,1.2147330408331503,44921.84984649099,-12089.468675750588,-11256.018051819268,-4859,0
221,42.36782948509398,19.712514012421526,0.12335343512699548,65417.14654497909,-3026.235430781858,-6582.008415375203,-1622,0
222,30.48244782493637,9.226595936643267,1.1214579747438858,58409.116468895925,-12005.647105452288,-12116.281855291416,-1915,0
223,26.469083575355416,2.274011902931383,0.7175796365559384,19708.016495230255,-576.9417721853962,-1626.7323289535475,-6164,0
224,30.1590912134991,13.787219718822087,1.0498776082783647,36701.70850564857,-579.27253186936,-1391.7468025589249,-3026,0
225,16.668825485246735,0.023889836004140998,0.6624843445266682,19835.610638171685,-168.06531254964924,-2317.2246041838607,-9677,1
226,41.88881366223036,6.607362287528075,1.1490962512408311,18651.19565212025,-820.3828910550765,-4042.1289998951197,-7856,0
227,41.88260435952214,22.24989298623624,2.178460298287777,122141.6639857895,-2689.7012191661997,-3534.5669434589463,-56009,0
228,42.34945907751943,12.135595871535578,0.9548738649288439,81970.35964215924,-2519.8355050960295,-2697.5833958122826,-695,0
229,40.492162510067345,17.780316016276156,0.8666674620620249,177437.18941161473,-22721.70174342774,-10576.45613219664,-7089,0
230,24.032384850659604,2.300872752889303,0.5257896512949889,26688.048153952706,-1800.357146913937,-1898.4399081926495,-11571,0
231,49.27657489718717,30.49845331770769,0.545212956214644,100877.05857364797,-3766.070312843111,-10455.907603943377,-31876,0
232,34.36271269312093,6.578350536722157,3.0721688387761708,31822.48978261067,-240.6625281452446,-8407.355371945258,-1001,0
233,48.59470778044919,22.957874537060807,1.1642743692924773,81548.52539043815,-585.6808909590236,-11415.561503729492,0,0
234,44.66736586429858,13.923319423449568,0.4126001988870836,55271.376764880115,-3110.309388461641,-14359.7239202894,-4959,0
235,44.50834121943959,19.265854910415882,0.3894161180985043,94642.14949026084,-4416.534693008766,-9770.15460488819,-3910,0
236,39.80960945718985,3.4813853845845495,0.4842937923613018,23456.29928700132,-1415.29548925391,-3745.898743329305,0,0
237,18.190520515580065,0.21458800146124468,0.4285586393925543,16185.974785983233,-1715.6910815561205,-4127.859789742003,-5418,0
238,34.44481809197586,9.430417739567742,0.7380512997675459,42971.20868015394,-1770.8044556590044,-8394.316940352253,-12724,0
239,27.041006776595307,2.237621619463657,0.15652090962716897,10966.296524988698,-1662.3950572939705,-2910.2197172513725,-901,0
240,31.872393756100433,14.52829409527432,0.17897284220311524,38345.653479377004,-313.69459175828973,-3389.5141924394884,-9002,0
241,48.06872199188396,22.897982769939848,1.386958361477505,140039.39285478738,-6668.758611097937,-26621.687558912075,-10588,0
242,30.12647863546444,5.357465051016412,0.28072942575933507,23221.581645385766,-207.18204113132822,-962.3068784366402,-1632,0
243,39.7633722145983,8.225061718236198,1.7526159459743769,33101.740559176804,-1211.5845508417322,589.2489878506872,-8245,0
244,49.03355669118602,15.382472236885635,0.4463762825199496,225132.32866391144,-31438.85504965204,-47020.533152516364,-71651,0
245,47.292004885309915,6.7451456339634905,1.2896895863769224,32693.39560842771,-3879.843983488304,-3486.597849306692,-486,0
246,26.948959482556862,3.04885059862935,1.9402015023302068,42342.32689816445,-11770.500593289134,-8483.159604927781,-3607,0
247,24.91171735425218,7.408788493269437,0.5510454225339363,19123.718897803727,-740.0752192508072,-2415.0524934692403,0,0
248,33.14746763835464,2.6198340899099906,0.8686404744727706,26732.98776932654,-3684.7369138547124,-3300.901412856385,-8546,0
249,22.736360650615335,2.951197213208708,0.1525081757573257,34396.18660650972,-666.2593766941852,-11682.597378619203,-3256,1
250,33.11575064150406,0.8374774144427144,0.32521523378791634,28569.911688046985,-3394.938547640815,-3841.611142191183,-6444,0
251,19.97815107427655,1.4671784111609008,0.6771155215386953,15303.783949722001,-139.9961673540367,-2862.266933181336,-1847,0
252,25.545400192920113,2.1179043952976855,0.9559119398310791,12669.885576895998,-1331.449385399794,-1439.3316779302243,-4160,0
253,41.47444978344176,18.074075819301704,2.245325427307259,72444.30754115326,-13028.622225520625,-9879.694058615,-513,0
254,28.86275797478792,0.6599877136138061,1.029913558502397,17438.369970978078,-672.6688851697435,-609.1073716910417,0,1
255,34.99307091545934,0.6918262763025801,0.7064804405107178,31936.800512966893,-2755.8266796186563,-4145.885974335187,-6718,0
256,30.334947975892256,5.4983941152555875,1.3933046803516005,23034.272959528153,-482.58136405681756,-1782.0750680992912,-11188,0
257,39.73377347487195,9.615248502257074,0.22591740080201733,37849.14963668868,-5312.358723032289,-4687.312022512787,-374,0
258,20.927546608205574,3.0507830124343776,1.2081748413531794,22988.597925252074,-658.7553639210341,-531.7569444474047,-10661,1
259,35.72314257005081,2.5100313413123434,1.1332623824285208,30095.113368053964,-623.6724448869749,-5566.486309847753,-4781,0
260,32.46935782623256,14.762509029060007,6.322602569601887e-07,29222.067226256164,-982.5366533937405,-2054.5190708825667,-17274,1
261,31.487017834388624,13.874103712921642,0.25384989277219366,53945.83302898588,-5357.144651708658,-18443.585368182114,0,0
262,47.13551475928544,2.425117489755944,2.522865923660234,31927.99191824141,-5593.615748246578,-8241.94436782388,0,0
263,28.935505009520508,4.649337798860741,0.5482537047040014,37254.50942791589,-6297.045551916628,-11865.359493603917,-3252,0
264,34.56347028318216,13.88953958062443,0.9714039819700275,77485.88080191863,-3489.146837840387,-8333.00523595593,-28185,0
265,39.922550550345576,13.185792376360105,0.24390505053590056,101665.48142564026,-12450.273389940074,-25526.07884457472,-24689,0
266,34.70151552502633,16.65820077094184,1.804713603784354,54845.48971585909,-1609.5040186567358,-4500.391819473843,-18109,0
267,33.830473997409136,9.69121165884235,0.25890187519163316,58631.73499977192,-6352.867974280438,-11290.730655194071,-392,0
268,35.066417867544594,7.837198040742793,0.9328586211390524,26496.906255432423,-964.1461028288742,-1309.4392971696943,-158,0
269,32.380587712214265,1.677614245403197,0.12558021806308434,38102.15019794064,-1225.843630621568,-1648.5087143097494,-8386,0
270,45.63516888573973,16.928814959389896,0.29441377296751625,77522.88072993682,-8983.687539463326,-10935.139932446784,-7503,0
271,23.64054675993709,3.6670218321569976,0.7905768151356933,19566.64786347219,-681.1291326814649,-3837.8678745270618,-528,0
272,28.755658455619358,7.641093292961186,0.46210931402815847,24632.86087267973,-1015.7481233850523,-3726.9163832307927,-7025,0
273,25.467030904893317,3.0805006854329946,0.2456617184693887,16515.125364158517,-2573.0430426295293,-6718.544897639074,0,0
274,29.87841101063655,2.4294948045681046,0.898537044346119,16495.244389727293,-265.9587123438921,1126.9432282970124,-10446,0
275,23.681441383921474,3.3202051940343136,0.5821580844872437,35399.14257407055,-334.3751785716689,-2881.3579340504357,-5679,1
276,28.00675864993371,7.169623503151922,0.5473131473051582,21383.393989760545,-1387.768556901573,-3139.100533716376,-6958,0
277,41.86991714003666,7.495948434101329,0.5472144862692543,43723.45331619455,-1306.082596966091,-1129.3401815418486,-1281,0
278,49.47973108913569,8.706801765755392,0.26598052503032676,68045.4773602262,-2565.9052092370193,-11141.35076859495,0,0
279,32.1900728180351,3.455114381706402,1.5630640428650138,54010.326865681775,-393.85901682598956,-1573.4316045496219,-33424,0
280,36.41061376744148,0.8679478178849607,0.696118928292582,24452.65864240712,-737.8166257667501,-2564.8604193719307,0,0
281,45.189097477849536,8.429385838376573,0.2533220037235721,69448.23094064764,-1557.3950131743181,-7387.958439427344,-16494,0
282,34.8111434829536,17.987866938812108,0.12869083741131354,52717.024303783954,-1726.7310924008123,-10154.449299645477,-2819,0
283,44.97353846083403,17.072228633703908,1.3603447155425952,30033.417333801255,-4352.408347951524,-9668.937914912136,-4963,0
284,31.764964047009265,14.688058233596381,1.1800497810863875,27608.86688886968,-386.6731465935849,-1070.534846491295,-2258,0
285,34.69214413376809,5.513439291365232,0.5990209603215132,29259.044494154496,-2330.2908689519504,-5088.591220247297,-3227,0
286,28.485214766470566,9.16993781803347,1.0274496589393731,31945.50619542013,-1896.632228640214,-2349.3821120702955,-13514,0
287,25.620189034207968,2.768936789271738,0.09239694222449875,38752.83982669368,-1646.8269039383952,-2679.3778435592585,-16402,0
288,34.32674835327344,9.282548220379152,1.8408536088673917,33107.87680814478,-112.41191500265171,-1512.7525659103474,-3525,0
289,37.799145698531674,0.14163727118369263,1.2141851054753612,26062.034865529535,-472.04220646818084,-3531.8364580568186,-11452,0
290,27.850834301334032,5.724364769773809,0.4874470527202209,59483.965917379144,-4055.224751078467,-18060.96056299867,-14429,0
291,17.013479400149357,0.6705953834270726,0.7248966371964967,18195.42281457821,-1001.4246787205354,-2136.1915732733005,0,0
292,39.68257125579492,20.88490678391329,1.3031854717141773,75202.16640938356,-13973.701973779895,-17536.548645179748,-17364,0
293,34.75282711112458,8.690012187785527,1.7803065286063755,45687.945311392745,-2364.255787258662,-5004.307366706306,-22617,0
294,26.084490058807255,2.3802020611798795,0.9521237289145396,22707.291274419535,-1540.8467847589486,361.0463133288092,-11939,0
295,42.039620144188774,7.530809030545548,0.45171556584279693,22080.00907228019,-400.91506684516924,-1754.0829936566938,-3836,0
296,36.85936294043573,15.01738439148939,0.7025498413828398,40213.306075290726,-5712.055375857413,-8996.958971262593,-12011,0
297,37.64722769403271,15.01483205681256,0.6290432218855678,35803.38534935746,-899.6130717020689,-3194.2161395279454,-5710,0
298,32.68040151435461,12.317331334304058,0.2562370738318446,39620.74123963873,-335.0175567479737,-1878.1916940849771,-9210,0
299,37.33012344517532,23.02901749837004,0.6990472797878359,94114.46966973678,-1187.0008223276307,-24603.20363501162,-35527,0
300,32.178508338951595,5.450211956197901,2.0078647309409514,55883.15579208689,-884.0261114094483,-2477.2900007045973,-25667,0
301,47.49124818582069,1.5618465687200853,0.15896837464603694,31968.80382372088,-943.9770386018387,-986.7515793874461,-2939,0
302,26.638243299310624,2.6174452622449094,2.3005609249708425,24191.97866636798,-757.590963043436,-1264.9306911100712,-11207,0
303,23.355108120345825,1.4968535491960875,0.5116667956242912,45733.14569364885,-1897.0031371334585,-1582.6221260934392,0,0
304,43.92628020500097,6.977516249025817,0.44889832549914355,29016.88168928636,-2067.911394055886,-7051.085164690873,-2972,0
305,33.61284565952204,11.648910105650263,0.6898830286388304,41203.75630473447,-3102.143623881844,-5431.0081206789855,-6210,0
306,52.28392098663151,1.2791286923719498,0.23236293706782918,21335.584435103094,-60.34677701830303,-1374.2229521978788,-5160,0
307,43.87787686866007,17.050283935762387,1.151565519019271,77604.68380169872,-1809.0917515723702,-6142.936255709684,-22473,0
308,38.30048662234904,16.6241537206412,0.4011679027333197,90962.90973955668,-326.4990336619254,525.5054421123698,-262,0
309,35.975635542720475,9.845697574722612,0.445610671141583,30316.529462731163,-32.39897859162974,-1586.37857452029,-4131,0
310,28.715719339234617,10.610542103426228,1.0183856120434018,27053.030743841446,18.367796373946874,118.62307057962494,-1567,0
311,45.32513184506926,1.4858308180917232,1.1995961810400637,19030.13478775632,-2925.0634625577304,-2597.3577869788533,-3273,0
312,25.781182931680245,1.2229908362221487,2.0129757312619123,19359.096520611318,-267.8788874173782,501.3284445660786,-12267,0
313,40.111349183146686,7.248553057286515,0.5141822986832982,61049.71591848738,-8078.656037521141,-17483.29431435614,0,0
314,22.208425276451745,7.105741858998893,0.07929681346533408,32151.318768970476,-1062.2992964415223,-2443.3625353421785,-10462,0
315,30.425186466473317,2.404187198036029,0.13486276724828253,23164.139988243598,-826.5805128115319,-3203.8090594831624,0,0
316,25.50488507938563,6.438743161059439,1.052156324449524,25686.041532085204,-665.0629324992374,-2279.2908895335,-3115,0
317,36.182162915578346,5.34339837960132,1.8300267147100053,30212.5417646675,-3693.6169667464337,-6360.6876177084505,-6419,0
318,45.421958204217944,23.10444240776373,0.6624103298495954,106131.45576900005,-7420.067497437898,-10169.720093130718,-20089,0
319,34.728150794480285,13.658931739337415,0.3062361635221964,55466.202393833475,-789.7361560434988,-364.5573690768638,-26039,1
320,22.780048652296575,0.1744934002569118,1.4193278395328712,24003.809181522767,-734.6887615122567,-2054.8676632171605,-6141,0
321,31.153637812367997,11.090193462077394,0.03541459901994039,47486.17805123362,-5785.7277384532945,-5960.1739486310435,-13152,0
322,42.00401358799583,32.63965470480399,0.6195475162426355,135739.09897361297,-28423.555479245893,-33438.8236074477,-8253,0
323,38.504222613618154,14.249419574264428,0.23887253180830517,28179.077574465613,-1161.241768671667,-3523.6357829750286,-178,0
324,48.83351928298254,18.39032584285934,0.39903674724978977,159470.79119194378,-2000.5052634967788,-7776.6066904892305,-98153,0
325,47.256949088748314,22.771526658142925,0.7450674085541596,78771.89608224183,-3112.985683608165,-6374.777421936066,-17158,0
326,46.35423846601382,11.239994337588538,1.5373614092865673,53443.782491611186,-1318.3494269945538,-13742.586836845423,0,0
327,19.99320663852503,5.821782475134307,0.7723554852779732,31315.754007393618,-1257.5400675690541,-2934.737510665147,-15969,0
328,35.880374059952736,14.319001446566178,1.3015924891965582,37658.111048794046,-2162.523785080827,-11673.482685520354,0,0
329,36.795674829936814,8.82165249396559,0.29440617065555036,29431.672228848875,-1400.9810241388868,-2950.8425773949575,-8263,1
330,30.07935495849508,11.45121059417834,1.2744170652996218,22685.242775090606,-33.27944809306567,-423.16453596427925,0,0
331,44.280877871171356,18.082021851771284,1.8839270420242533,45550.90898451972,-1122.5365221408329,-2546.4261441991703,-26015,0
332,44.11040340136512,27.768943364900338,0.3952117391539519,73705.23395838465,-8805.523435006593,-6160.211147040545,-1358,1
333,28.14911026671096,9.860015234311525,0.23780957282667098,38970.4187939514,-4145.242509014438,-4004.470389349123,-15248,0
334,18.91565850351143,0.2564300150310504,0.10129923673975706,35812.1355708273,-1544.6898434411692,-6056.73419395136,-5624,0
335,38.6872415829404,13.821473323658845,0.025730040914102126,45549.219243912055,-5726.347840280092,-6517.017414145848,-4362,0
336,31.916367740915263,1.8706548951093422,0.5953593137007273,30808.590141857236,-2953.1416136365124,-9665.819870891026,-8788,0
337,31.92573175051388,6.347472276365615,0.6970440122319099,30535.22324084063,-5066.686286012935,-4061.8865756703653,-2435,0
338,32.843179894403555,10.637822799578045,0.7919747116226667,26949.02490583479,-786.3073062927926,-521.5441551830597,-3983,0
339,28.82176248142718,5.357978045006342,1.4463253937861935,75578.18526716303,-6242.686333836666,-23220.362708116714,-838,0
340,59.19982013911828,18.39760229287525,0.7700734752064439,77925.1464360413,-8883.190960059044,-15816.709102552744,-12177,0
341,23.551043286094185,6.202120264691578,0.07293341119343062,19433.28713666156,-1545.1936542955714,-2135.0807116607775,0,0
342,23.4687834981533,0.04775389075444116,0.8062560071233816,16045.671084920335,-373.20895145130453,-2354.5482694906505,-2228,0
343,37.30657558597376,4.48983817954461,0.7347956435323769,31273.449018110583,-2728.2031874190675,-10611.591957425639,-4125,0
344,41.453208695940624,10.057118125111089,1.5539670712999765,34535.78648427353,-1382.311749106241,-4514.596979354861,0,0
345,29.498426335775402,1.8099107284095899,0.510815730344596,36931.51072164931,-3147.7087016145233,-8909.45785221392,-11007,0
346,30.753525089382872,5.3332963404562745,0.895249982092297,33179.50709905374,-6568.835026194135,-7792.150182553352,-4274,0
347,38.15048602183164,6.611604981267899,1.7093497721326136,65964.22045467535,-1931.7151648211502,-15638.373868210205,-1050,0
348,37.31716054131923,14.802571549734889,0.20670383746660265,90365.34776386133,-4704.422633688655,-42455.92540809932,-10214,0
349,30.72944122594415,4.175239561071184,0.08265149850460177,30433.670624432772,-4921.631893595147,-8631.56321757024,-4934,0
350,19.219802995956826,0.4709904029934291,0.6948671565558767,26731.725226793616,-3140.4160768887577,-127.16038263812982,-7142,0
351,30.117944670032806,10.740193093471236,0.6646300354446841,31905.012536963648,-2744.406849599219,-1408.8197393327478,-12163,0
352,40.83313404920216,9.129540919881244,0.1858199469641626,29372.938529845247,-330.3172249788072,-4320.667593963804,-6761,0
353,26.75754390470605,3.12842965821644,0.4495405493240391,22083.48644687763,-588.4779100376229,445.77262347636474,0,0
354,48.7827855761597,10.298750717704342,1.8553060658804248,31597.50618312691,-1123.8587291095077,-2420.7486638548826,-7851,0
355,30.626721252894487,6.599543417717146,0.7197721705620166,16402.023071555286,-31.884854028984655,-940.8170100281678,-3128,0
356,37.215676417891366,2.8221810041540287,0.47334951572573497,28101.317754540465,-546.966051889541,-2218.5350205821096,0,0
357,36.183626548526576,20.89016766022915,0.15946398083640997,55181.95453686714,-2325.1139929661063,-757.5287279344042,-33317,0
358,28.135942928685868,0.8781665188154161,0.9324801645840299,27325.095956172376,-4517.149239550358,-13525.268968519247,-330,0
359,39.06310592592969,5.523540046753278,1.3835864144939445,24031.96669616927,-1828.4390878828008,-3337.7135756204552,-8540,0
360,37.46040283118722,6.550070173706092,0.43294306795829535,59164.31405910483,-1660.5638763742575,-2732.9695822446115,-12604,0
361,35.88253805975654,11.04731910248095,0.6518527499441084,89665.71602320625,-5493.438849944108,-25329.28973001614,-19544,0
362,34.46405258857807,2.7557009921612803,0.5147507717594787,38271.29990976627,-2166.9507840432043,-8003.1124699370175,-10531,1
363,40.93402830757693,25.45283533592967,0.5500732283675706,246980.71323150344,-3320.0063262635945,-10466.690877852398,-14558,0
364,32.38333265043151,9.581500284407529,0.41772803040349454,31816.30369564533,-2717.2902194040526,-4728.356701270359,-12116,0
365,48.703888602279406,23.333018895500622,0.9854793596472194,67102.6029404988,-7935.665903864153,-5607.101312944493,0,0
366,30.575827705984114,3.7478983746216095,0.8456909670708038,52641.85199711117,-4372.7533177639425,-2764.271654266514,0,0
367,30.88132551711477,0.26205407405508807,0.1658984375597397,22259.737263727475,-808.7931033224826,137.6408157512924,-3931,0
368,50.30923725800655,15.570767717281871,0.4390176274818852,62266.569794003095,-3662.9737656536104,-6062.6501198414035,-5152,0
369,41.89917035649115,2.525774908141202,0.5703828523253719,27757.449348083028,-2935.7393197236497,-1667.302854293731,-255,0
370,28.937343343624512,1.0991974798506323,0.7443466863471404,16519.987163592334,-2138.530916698264,-3522.6739739349377,-2123,0
371,29.351796898163318,14.102595741858938,0.10117535796922665,42472.65916521822,-2902.817331674204,-2886.9196207191494,-10344,0
372,29.17708304480974,2.1432491215262104,1.9492747909276522,42565.9872404884,-947.6541885526349,750.3517326457593,-4265,0
373,26.207293156139148,0.725796349767384,2.237186081199657,17691.961825869475,-653.8979900041165,-3788.9908495805275,-2353,0
374,27.549754053476782,12.0635733472804,1.9434093010247813,27840.438834677203,-120.8670820996489,8.049997087519671,-17288,0
375,43.059300980851575,4.693802567855017,0.8568699739389237,29562.0336099964,-134.00945757568167,-1865.423356874246,-18499,0
376,23.48327044587411,4.398428979285156,1.488202665666256,22892.728408039067,-791.3324473448889,-1472.0877242111537,0,0
377,53.537302159879594,14.035966323075948,0.88537398461296,50923.41641878943,-871.1713959232179,-640.5618222152436,-22894,0
378,23.21407054369749,1.0192640693573345,0.15089488647937366,15093.643104372291,-176.48061868464657,-555.8544627589836,-7579,0
379,44.708198396353374,22.818379065673287,1.1734292093966339,87642.02945687059,-2572.0382884665096,-17849.56148826428,-37658,1
380,39.955050275987034,11.87997965093033,0.098558766192792,86131.42163954397,-10018.75212313147,-35982.417306089585,0,0
381,27.13166208376859,0.3183474194541107,1.9124621826839634,15519.164928927878,-1141.4573613386615,-5534.932364879271,-3333,0
382,45.85052827399367,2.5607943491492673,0.24483094495159874,42964.69042419923,-756.5198167036413,-2553.6212064702536,0,0
383,30.37831009205345,7.738747702279689,1.2258194110381249,34103.341572278834,-591.3047172229943,-7259.609391474907,-6241,0
384,38.77264124748172,22.299269155072835,1.2688418800716375,55032.95218785517,-1140.8262258979819,-286.06210940313497,-9590,0
385,35.89947370352525,18.830875043320347,0.3951902732294437,59836.79576700339,-2138.304447583316,-5043.723194374045,-18531,0
386,32.750849766304135,0.618779468462226,0.9525897296588935,25930.88721338565,-297.609717891031,-2750.9080130749753,-10057,0
387,37.26291780677617,10.724150016064403,1.570945959475302,31600.881451403744,-2302.416618410449,-20103.026610166784,0,1
388,43.72010606269863,13.611015775632083,1.8955350518742122,185556.70440371035,-4673.584340445798,-8333.78245286762,-94893,0
389,56.21161103457794,12.494008857466325,0.45365260316310196,233588.69231033727,-14613.558159912194,-20247.997641966947,-4994,0
390,45.35661741579715,16.631775469618983,1.315280240849915,59545.546828833096,-4847.961693108175,-13622.85814643497,0,0
391,29.006690598178057,7.555823948657267,0.037861895936102126,37508.32816294754,83.03173688772199,-1554.7130349438141,-1829,0
392,25.59636560095606,3.318904593444993,0.4682352508183181,34757.186478561096,-838.0629201567875,-5385.351534108125,-18005,0
393,34.511069159110576,1.7250716402082868,1.76884699095369,29833.413447473707,-5502.433607832081,-5496.219568942795,-1138,0
394,44.621885244232885,22.760476596244736,1.100299476920228,50644.73971431122,-979.092943628788,-2409.493520951436,-12443,0
395,38.837771157214746,15.145963279954275,1.0226730227358214,72908.0261146726,-2220.6363389195035,361.2597608203962,-38293,0
396,49.656616698542976,16.016210684951517,0.23665137076948553,70526.44226095731,-3099.7713631406123,-13605.37258917788,-15050,0
397,23.781739007137684,2.974787820045239,0.6981037801588875,17317.674094332964,-122.44159227459069,104.1565046370726,0,0
398,32.83625010888291,3.9738117390068077,0.749181954353059,29402.889007848848,-441.76527706804916,-3908.3679858516634,-11656,0
399,43.89185693923062,13.967162694680452,0.08444089132891984,43729.52651573492,-243.76157385661787,-2534.8919835512443,-20134,0
400,41.33334201303505,6.56451770085077,1.406920548597204,53666.25019836304,-1227.5111165463902,-10750.936638874882,0,0
401,32.527992695314055,9.38811247242522,0.2975866635336298,37843.67901927915,-3246.656516129745,-4794.706076020942,0,0
402,34.578225634949476,11.972863627459002,1.485103234951974,65765.2298987421,-15597.775662324955,-17632.168588110722,-8323,0
403,37.697188433488144,12.459833004193461,0.08544386166658902,61002.28547149933,-11401.917618160862,-7910.242809457028,-17354,0
404,28.684510465999875,1.3871435812134534,1.837598055126811,19952.734936763583,-1233.3784497746633,-2408.0973554718266,-1463,0
405,32.6146714996556,7.488820603909839,0.23412163258243804,24970.128122412683,-1135.6805427010672,-397.32318864735043,-10812,0
406,39.31873513500395,4.578835333223983,2.0319177923005185,222106.36405955997,-16353.385800424536,-55418.56753466353,-40262,0
407,46.84674937149467,16.900791117598846,0.9978889181989219,74282.9718810347,-4468.471366742268,-8517.321265405808,-31131,0
408,42.00173430921292,15.930614719152564,2.8020593210734366,117987.39337035212,-5313.202481485309,-1796.6513475930628,-71808,0
409,46.78006717691106,11.962431605718844,0.6693725624959341,55248.186810609084,-7435.190299234627,-18232.5466627922,-8236,0
410,27.272832471590558,9.473223948920818,0.47887770014103703,33039.87576769152,-1833.3318931795757,-3631.882248157497,-16278,0
411,35.27290763243405,1.042530902065629,0.7761836548381674,20059.741253096825,-3898.767801101646,-2634.0089814388557,0,0
412,25.965184925533375,4.208082809864017,0.604666421237323,35386.94213486464,-191.06994474981784,-1661.0668495284679,-11924,0
413,32.33919070749824,7.40073588356231,2.9002149440635616,35107.89453451502,-1315.9524119891794,-1951.392753961008,-2153,0
414,48.81811577771273,22.36845188276694,0.04200748920169131,116698.3742880109,-8254.78942264952,-9029.942782755432,-5359,0
415,51.80612100942305,26.626096662003846,0.5418619260804003,165132.22489419524,-1754.2799676063444,-34032.97838551613,-75002,0
416,31.321249957376676,7.8429191909970655,0.3498094669228729,41564.57008290626,-341.0303852403947,-11029.77425148159,-10382,0
417,27.298561795426647,7.703513168498208,0.26212793369732035,35830.70443797047,-287.22741124517944,-1158.014070116625,-1095,0
418,25.58380212374691,2.7477073514543333,0.4617915480029425,17830.424539834556,-2145.188740925376,-6227.879418181154,0,0
419,31.48609340147958,13.634791363606167,1.0400592943572557,67805.57969232877,-7509.746552730283,-3131.712676541949,-3982,0
420,43.69561582281448,2.575811865790073,0.2829521838682568,20192.437340153865,-322.9208685185632,-829.7140010097687,-4143,0
421,31.179627397817736,3.6921304846426453,0.024527063628087774,12517.0558314127,34.16381723781649,-642.1474818512041,-1509,0
422,37.350212873136456,20.986999823084805,2.0194706017492314,92609.20121489203,-10895.06812476204,-18365.187803195768,-6691,0
423,41.97053838827618,14.45333719360187,1.987148095044712,55837.35676111211,-1443.2297435038158,-3773.8190714044863,-5227,0
424,46.09328223815427,25.780530045739642,0.30161638695601123,63307.33781552308,-1931.0206058860053,-21382.34311722807,-17581,0
425,49.44662712081031,4.570111541551188,0.6694502086412509,29488.54491564018,-1201.6021743809988,-3453.357703374206,-11507,0
426,25.163976971288786,9.308138600544268,0.3593158981059629,27375.727091279023,-1144.364619416537,-4041.625172990273,-10990,0
427,39.68177881637022,4.287113088294552,1.7435993945736548,73552.82708146199,-1711.3801190476163,-1285.282214979586,-21556,0
428,30.799678852086075,0.5829953885332834,1.8222858697199964,19312.633294967578,29.988405634568466,-495.87898404542295,-765,1
429,39.612560967404725,1.1865563616525217,0.02209184426344267,20357.131468654232,-600.2817487569765,-3112.027452640714,-9780,0
430,32.61360418552094,3.6352299998575606,0.7186137978587068,18431.37599809607,-447.78757624222465,-3283.476515112858,-3773,0
431,39.42180181283743,2.352062396572565,1.1548056162703788,12507.961158196327,-3783.22639367617,-3375.63937689242,0,0
432,49.10574078103201,11.666735099067878,1.1734616029136873,77851.45418073428,-1953.9165355820962,-10429.360332812903,-16117,0
433,35.30711195406474,8.830287186100513,1.1953499425044436,28597.60903123328,-888.1300004707382,1220.426768652599,-1563,0
434,27.32943098872167,7.855985238123741,0.05677872990550602,21613.02036352106,-26.986302640174017,-1008.0110638189736,-5335,0
435,42.023871361444385,12.292490797484756,0.7261453269972147,84269.86899668696,-3020.1442556778693,-19178.49940560422,0,0
436,42.82848728592482,0.9107213403252792,1.051895280050032,64388.605727054455,-431.63584833480286,-7002.180343663924,-26175,1
437,28.495138136359376,5.182786326205139,0.28412556451040444,16710.50549248035,-1234.2127169025464,1246.8612655853394,-4609,0
438,49.64621324755185,15.117785542187583,0.7990156850243293,80738.32755857582,-5167.835181760352,-2203.914640801172,-34870,0
439,26.51776028808089,0.7455689953789386,1.533205889575216,13790.475134843457,-5585.979288313559,-7900.433919065781,0,0
440,27.903744192939303,11.441545564031113,0.2611341703000052,35216.16731815263,-3093.4318814815397,-3920.2347742581787,-5927,0
441,47.176445032148926,24.532598224653018,0.9848837574901959,117904.27792265589,-1368.0493075738868,-10137.604466064851,-54392,0
442,30.376677616729616,11.803159616580231,0.32060028131282137,32064.92992469825,-357.0747387479755,-219.43359726307153,-4620,0
443,29.91283923579013,6.77465197609108,1.2587742787971243,19060.252794048065,-2337.5832265656945,-4486.246527710183,-468,0
444,35.47768446082912,13.103107449257873,3.696147882854225,81993.01931614819,-736.4465405377002,492.94841160736894,-20077,0
445,39.565472853080266,23.89559563613365,0.3723652990152702,70301.97551975888,-6211.33223877031,-21486.69355302678,0,0
446,41.07586965634336,14.513927786991632,0.4874865445341692,35721.61201455736,-2568.8867307674795,-4369.071061151693,-6350,0
447,32.1625204594861,7.366487114983529,1.2649092390809764,42544.94304479222,-5967.03022712155,-19498.852154924352,-4285,0
448,29.2592719017661,4.328135548914003,1.1413409769854237,38366.84239915797,-2460.2473755859837,-2223.666604070464,-8847,0
449,40.554756244791854,6.258049042677093,1.4476220178692611,191461.21332659732,-6309.382847791489,-23389.468784221026,-29698,0
450,23.67787920875486,3.4030962718100377,0.521333566359627,50444.854550787546,-499.5389393484215,-9581.660970416775,-22226,1
451,43.63556091690041,18.97221708034795,0.9018826134980957,451319.66674940364,-32050.3773558026,-24527.776029430403,0,0
452,29.41819023588474,4.612871985609874,0.2598925859899268,24542.260623207374,-126.18254370921746,-2426.7302130077387,-1893,0
453,23.306455442337327,0.9674839173798226,1.1729947546899304,24527.75835340889,-757.813729871506,-4273.45210635907,-68,0
454,34.037149941544584,8.710565417962533,0.13768125444928936,36139.600624501356,-1246.5619973451855,-5135.496229721847,-14040,0
455,31.64594452979238,9.125206599652234,0.7710826573247201,46319.849710984716,-1866.6903346519766,-1458.1058383139687,0,0
456,28.93160073352657,6.120362886525275,0.07010961438189894,46793.91464712286,-2352.971531405629,-2643.133603594316,-6197,0
457,44.23940486450374,20.053775281131074,0.2456087609027706,112352.1138728328,-6492.501297575864,-24003.177377064505,-4603,0
458,22.193854768251384,0.5227988525675777,0.14183425435758806,17677.209505272764,-320.09423200501885,-1198.4316348604646,-5250,0
459,21.35138985684946,5.532922776760606,0.9456258686928656,14330.949505121729,-1810.6701348781996,-4767.521512227838,-2518,0
460,37.31321550685643,13.801877864344853,0.4285484102887322,71325.90946106303,-2050.773465373556,-2719.3932119784386,-11863,0
461,28.988388185705965,0.6283213302544739,0.4369341712233719,18097.986746815408,-184.10736940131727,1747.2351901668671,-7520,0
462,37.495216878393855,5.328277924907315,1.1733474291954706,18686.671333008217,-351.5813402521061,-2285.738263790342,-9685,0
463,25.419627719905478,1.3418863894938788,0.9866788505566316,28272.714090130696,-3513.0312266593187,-8886.80169641793,0,0
464,30.484265657631674,0.34510710425481356,1.05560667407507,15263.134755452786,-1604.1119328508416,-5876.320716061079,-2694,0
465,38.22738412520457,7.510564110613156,0.4591191974456609,39352.22952678322,-415.46346201381937,-6147.012194037769,-3224,0
466,54.821028023115296,0.6433347387661299,1.245069105572409,27061.00951691255,-5516.620179849309,-10775.287389556837,-1182,0
467,32.72472854407898,15.556278343972188,0.05808131933187332,74097.5338049643,-7919.703677252346,-8218.16771137191,-34454,0
468,30.009301956713195,4.043349958036917,0.5691867206894838,17915.11971078102,-497.9959734309075,-306.81659032831703,-2907,0
469,28.59552274668981,9.843511096176826,0.5642205268734944,23057.981939325073,-1417.061162727725,-3334.7577853832345,-9860,0
470,26.960818557801435,0.16997096460518654,0.5079119424413135,21170.234703007973,-2840.0402708913844,-3925.133045035889,-1171,1
471,46.9581153579356,1.793608941955168,0.9656299472233791,26287.240260699047,-1481.320822290358,-445.94958646981036,-3449,0
472,30.242779959551754,1.5767447569219037,0.9973059754163457,15146.138802595442,-558.2463161337475,33.8472510880938,-8256,0
473,43.03093094805616,4.461015683940909,0.3715652664456095,31945.40541521811,-845.8464368483375,-2328.3488404899526,-13112,0
474,27.985746209396968,6.899093151727837,0.6789245423467802,29452.161731825152,-822.1561304084895,-1067.3432282615704,-6421,0
475,33.2288401603161,5.859888864901906,0.6003817127526837,20503.560203579535,-1259.3776774523915,-1559.8410075545544,0,0
476,49.1525159920421,17.115173236953975,0.41990800187386784,112964.62550811064,-6628.533902605533,-21659.828260581387,-39940,0
477,27.774820538070195,1.3208808309935218,0.4492963746309791,18507.50216732828,-2136.109515565262,-2306.63163400355,-551,0
478,49.49045064947819,8.74068657817122,0.982507941612987,16478.303014302,-173.2723061042092,706.6066766844665,-3604,0
479,31.02444738796598,9.664908467286757,0.2891742798836741,52303.57986955169,-5215.323558393101,-17393.81619525684,-13519,0
480,42.198334061287454,6.5845398573178695,0.6023015068495925,34375.08469043118,-313.2561468002451,-2349.0705328646054,-6259,0
481,45.448915247731875,31.646028794313985,0.6221035629302116,249835.9728561323,-18532.4437607727,-17228.155228443382,-87032,0
482,30.83120375117135,0.7186406450496503,0.1896808327757419,25222.923658431286,-1887.6716792055565,-3179.9951669285015,-6952,0
483,26.985532695329688,3.3225612945919707,0.12422819982355711,16497.575759540137,-1539.144549961172,-2102.1814919442186,-6018,0
484,23.940739472949126,0.6773517005551917,0.441760135288132,19047.964587440005,-580.5325989063775,-3148.41742373723,-2056,0
485,41.791484968816206,10.793066301555148,1.0135609398485579,35484.65352764582,-2862.480753662093,-4971.338243838975,-14789,0
486,38.552951916159735,16.91530554396461,0.6334860256083631,95948.5053577776,-2874.6129257568628,-591.4436236149891,-46886,0
487,31.4847692851993,11.60133720464814,0.4574052440455029,62995.99576509883,-11125.902090858392,-13652.343594266848,0,0
488,24.083213774847565,0.14347729189676528,2.1219824241554224,18529.10174977006,-172.14811537600156,-2671.172780350706,-1181,0
489,31.50312308547324,8.333074264434504,0.2773331515075474,39168.781621089416,-1980.3106730610082,-4428.426054512687,-9367,0
490,46.27870617974621,7.966004879372382,0.552598113297122,36913.58182736162,-1949.9482773937077,-687.4571493324761,-8760,0
491,45.656076519467156,18.219485916286267,1.1608663415911624,83778.00898361139,-1645.1754597641234,-10597.649430384972,-3393,0
492,28.654799919950793,11.317143778336595,0.11654737243279505,26330.23124059087,-2583.9400991322523,-2078.652189136,-7635,0
493,33.704260494315136,5.462933692433715,0.3281118590902199,41564.97231603565,-5272.9197994937695,-8861.815429002505,-4165,0
494,29.916091765262557,0.28116556443168944,0.3426584025536117,25886.416960867988,-2659.800923082012,-11607.719410652082,-2655,0
495,44.78493551474176,13.288400368880303,0.5392487443596694,61042.23606195656,-9939.913246414475,-10871.61554226459,-21317,0
496,32.08518248133389,7.435711042966001,1.8377658777152608,25162.02687495385,-647.9341947352717,-1691.2798449196653,-2811,0
497,23.98841782109856,4.519136950868089,0.5027422921897512,11522.101233620448,-200.91372022730394,-1622.1903562291895,-5495,0
498,43.68450351934928,18.1202187906039,0.8507328789354771,46788.186823788696,-943.884411339358,-1547.9050049044254,-18588,0
499,36.75687623887964,10.02938212562205,0.745256634472317,46220.85560061032,-1026.661810659311,-12244.679717811385,-3601,0
500,53.9744796490805,31.37192855310369,0.4497988815793282,250322.7661546924,-8504.737166661635,-30319.015161742725,0,0
501,35.828981990899294,6.402912172092584,0.277727249381124,68075.25851919455,-4241.049500132677,-3024.520270177788,-31028,0
502,31.612582244669643,9.641135841005914,0.47084855389841496,49859.31126578078,-6374.21209484906,-4486.841599628175,-3726,0
503,27.760447064410066,7.4434106955051496,2.134067943516871,27253.849305802374,-1083.9794847061198,-1014.322235849359,-8151,0
504,46.29123274944951,14.534093223445865,1.6623293735378148,69674.12038299054,-4305.197381871883,-4915.374509720513,-5251,0
505,51.034230809387395,10.983877057194835,2.2118478144586304,35666.0180217359,-4834.298724422453,-1982.9750133506332,-11975,0
506,28.495189318010127,6.019104595631396,1.1287371191165745,29038.06550782065,-4224.051290951925,-6675.967337888349,-1306,0
507,35.93384385068011,18.7384306927984,0.4124902084622216,58225.704806904854,-5095.150396065935,-11737.17205432511,-7862,0
508,25.79975163533949,3.6310585657351417,0.1844270271488438,19827.500009851752,-2952.21990803668,-4217.488932961272,-406,0
509,46.602983752583235,11.458925090081628,0.538250033751214,52869.21085677876,-5045.795567894005,-14190.148628088515,-14283,0
510,29.120811141666064,8.588068909076286,1.00946995616442,35059.66186634614,-1459.7345889366873,-4420.712753541693,0,0
511,30.141514065904207,13.755731165649204,1.302281001812935,58770.466643534215,-6475.845312757542,-9729.38451975592,-15865,0
512,20.428976419689267,3.008646469909943,0.8016096164206188,24264.980091746776,-2806.586115753585,-2101.3405902138834,-3730,1
513,33.77085044609806,10.616173508053144,1.464975356834212,48850.00835839449,-701.9765866718287,-66.03488561319364,-29592,0
514,22.85631716626624,3.5368954653935396,1.6722520624659842,15752.417432198848,-38.673229554272396,-3395.437545366139,-4812,0
515,24.370465689115964,7.76567185454524,0.08968402092656926,20413.611575706473,-704.9609777675805,-1789.117456498407,-9985,0
516,24.125265288903663,2.4957961159804225,0.8943491771793994,24754.126380623675,-2502.906425583576,-3714.6737462410556,-3286,0
517,44.337556620544625,2.603568125404469,0.19265320046845635,33714.178352891286,-2380.468450924416,-1754.9136384307699,-179,0
518,32.67947118523826,15.822981722182583,0.3997731768814182,57887.09497739238,-1614.0824607150607,-2515.7948377927096,-15617,0
519,36.72670626811494,10.916120299818713,0.7948454947669176,73158.8834115526,-1336.6022528747649,-3991.5292164228654,-2087,0
520,35.602087787563605,13.640140962177654,1.4236426515974865,53531.01965477123,-2849.06492658814,-6308.539008431946,-9969,0
521,37.490793991577554,15.024352386161091,0.9352870295759367,40240.624550019464,-8961.178723759149,-9642.502281156278,-4756,0
522,33.00947869310333,8.796159395598973,0.5632380999219156,48643.94672827252,-777.1998455433568,-7195.895826412809,0,0
523,29.04483214713161,10.763670048472799,0.005107551694288583,43358.95947775583,-7606.1616288583,-7822.359518377283,-14818,0
524,47.11723409190757,22.949875469636673,1.0066981655653706,97958.23947269023,-1736.929846248241,-3752.702901288723,-21070,0
525,37.0116562248983,3.8426842917065462,0.012266420569561513,25487.303019189694,-2464.7679353340895,-5022.072647808868,-9071,0
526,35.16510334445168,15.51262798109375,0.4625382634774522,47201.27554746584,-14557.034238201939,-22228.208839224648,0,0
527,51.10405085697394,6.024085936316146,0.483596188062253,28923.753487509308,-198.76068821902075,-5224.123317764298,-5817,0
528,55.724062671785894,7.523549436926599,0.33533231573630873,63053.93630272352,-3932.951428202743,-7378.678016803231,-13712,0
529,41.70779131792378,10.031380590153248,1.4720680333647458,72712.61252355442,-5636.035114958724,-5688.416760141448,-22763,0
530,23.987949887834684,0.3055601300682232,1.0998597420520386,23257.961242575417,-1472.9711039921094,-4458.865158273796,-3575,0
531,43.14373112262078,5.893130039311878,0.273163082477683,54688.120712354896,-896.8820360590146,-13897.729278011486,-584,0
532,25.51211441720918,0.799211687488651,1.6188420342725403,26906.917086522164,-1129.051520085303,-1550.9390272141675,-2301,0
533,33.71380197246149,12.704102418151413,0.5206275591827176,24672.213489672245,-2293.944643260016,-7103.669764189837,-6291,0
534,36.53462418480264,10.586214866265351,1.9181322457182537,30473.50163538789,-2608.6227185444277,-2693.396710564875,-13820,0
535,42.72507114343796,11.332479998985406,1.4397733133159236,31996.652164624218,-773.2220099709525,-3863.0999707062174,-4838,0
536,21.3915601739489,0.32791665345343646,1.012136000195208,25383.50524529776,-1210.3161144153987,-3348.6203982135557,-2937,0
537,27.0593086168358,9.281647483860347,0.7078409509029434,43992.573910175604,-5813.487354732469,-10240.547426238063,-3854,0
538,25.719164238610443,4.585261368681312,0.9344856007849893,20668.52604641461,-664.4058493184573,-1563.2996225181405,-11102,0
539,42.507524527880314,13.03874854914348,0.19870870120960835,35459.33896342968,-3854.7063227444373,-4736.103628987461,-4301,0
540,26.19906019950821,2.8239801121300374,1.0727525201701047,25410.215823742896,-2234.6706300020683,-4641.431865858455,-7419,0
541,28.99211716876443,1.6043455257449903,0.90116979957032,14719.762506654131,-391.82026265178916,717.5395094212204,-5464,0
542,34.83806077036445,4.360356608720568,0.6045516652096542,39647.71480176092,-1471.0919491457657,-2958.699571779748,-19540,0
543,32.125359066172116,0.6719553159967042,0.7015528277136874,33664.057533347535,-1578.9263142581913,-1008.0258536497366,-7254,0
544,40.25258222151517,13.844884894739607,0.0901188496507371,65386.320770370585,-1808.0866179967936,-6357.506683623276,-15124,0
545,40.21544912849978,24.205311966903643,1.2956305299209425,77330.26567745292,-13081.84498457511,-11505.480539866288,-19690,0
546,23.44257710633401,4.829643649316593,0.5997495237221843,22267.45809439581,-646.3335513563552,-3964.4083861740382,-4431,0
547,33.271497808276905,5.474687443749677,1.0998939035659725,44970.09722163314,-3555.1902825171583,-10735.317090361243,-6519,0
548,49.8543407871401,5.385847010035075,1.7915490282693887,80182.12406029463,-13904.697901656828,-13034.715692999582,-4287,0
549,29.006625735688623,4.910128957913054,1.0154417084597371,35784.33562284307,-1573.9983799705872,-4676.624834002067,-15327,0
550,25.956801637543002,5.2980374701553865,0.03181595334735473,76293.34905423732,-4397.208334732502,-6020.494037636813,-32426,0
551,24.391708287537227,4.493723905208958,0.8532819496115915,23507.488154452858,-209.79664560774458,-1695.71996510205,-1337,0
552,27.086531598944024,5.494153293477577,0.07654751974898413,12590.354258919511,-754.5195499480393,-1581.8851993413732,-1194,0
553,31.042745838028427,10.964524869784432,0.9987693370612563,28163.570419126732,-350.9637216755374,-2871.0596415199716,-14389,0
554,31.4862822173566,2.0154751355724474,0.7211425188886347,22928.429233305676,-4104.037344568258,-2219.8617619345287,-1808,0
555,33.92776486885958,4.600738159602804,0.8029376424465604,16859.347786606322,-1908.3582769177688,-2807.0082790126608,-6319,0
556,26.493612170230357,0.4515735686717759,0.17455950108433682,16585.036067715944,-3910.0037183358772,-5586.627989284853,0,0
557,33.77923857886239,7.629263012264866,0.3066340143800901,31945.446568770618,-1571.9103579919438,-2553.275039142054,-9411,0
558,33.09714255280392,11.116102230659205,0.182764088937398,27089.625889466384,-1534.8207524364334,-4258.4017952087925,-7448,0
559,23.852719610272704,0.5831533610018288,0.03237957999715685,33500.67384833221,-4330.959467678489,-8748.369109672627,-4892,0
560,33.256634785565744,7.613920062428544,0.11149172785548651,24082.794372280056,-1325.2050882033445,-923.5024398172844,-9550,0
561,47.084543108723174,29.568042939312495,1.8445870725678315,149418.10683488334,-7972.945235467425,-13568.392088970197,-49535,0
562,20.43456700544771,0.6244378137255424,0.3145343700810879,16942.23063501513,-411.6131490144928,-4703.8338246642,-1179,0
563,31.652901407727953,9.788566888767399,0.20006011494447423,29746.858882249864,-396.0345192099095,-194.0891405649055,-14816,0
564,36.363257005594356,14.104130764567063,1.4140142398488664,53737.47498860182,-1597.101120230374,-3615.74666311158,-26611,0
565,33.93947340986774,11.44133347201673,0.8088086981980626,31123.046114973742,-4246.518157800423,-2142.272407419081,-13261,0
566,35.93493149598327,5.007410753182586,0.25926584004333086,20367.1461134129,-290.63531199803236,-3493.1613520649407,-5205,0
567,26.254725675186485,7.23291861229599,1.4039689685175794,15723.454011390706,-1074.5858417481745,-1288.2930444207911,-21,0
568,30.31118411130961,2.0414415408722393,0.7991391259879227,28720.26307307689,-555.1270340551607,-2600.236049044006,-4416,1
569,55.57886382740484,11.74257070120515,0.19862118823593844,57901.2862814718,-9563.010764263849,-6762.581910453488,-10922,0
570,37.29560011165748,21.794202736823113,0.6206971454750178,48116.74807817,-5082.092500290858,-2942.4699527718126,-15197,0
571,32.369319600114515,3.4034284557627545,2.0235825739821407,24385.94104501613,-3679.7639321529314,-2723.8808747622365,-6057,0
572,20.189576211003523,0.3172774816974904,0.6507720665578408,17109.460524671937,-4164.165193163639,-6581.296132282466,-698,0
573,26.837822334453026,12.786442884859136,0.33387962814752353,95717.05978158073,-5807.63262053181,-6871.332575682909,-48566,0
574,38.12358026869538,18.288822428974125,0.8919834995933092,45261.92252150554,-717.6409656014541,-754.0179325896812,-2868,0
575,33.16044166178034,13.451159061462967,0.22155076425619624,25894.59198334562,-1027.7510200061172,-1074.3225644056781,-406,0
576,28.523248697238333,1.330566502448088,0.7144962728542433,30967.944508072665,-3426.617203408317,-4259.56651970831,-5467,0
577,26.602754588821515,9.733696028617656,0.11518160071370698,31196.19405334855,-858.562866341105,-4226.917642267425,-13132,0
578,36.199846441670395,6.327965308691542,0.6513244286533351,35807.62886648067,-3371.4841241971344,-10031.864660073488,0,0
579,28.8780298908111,0.9936886244269527,0.8093565117512096,16539.508056281666,-523.4621267006565,-2422.4055718690342,-7876,0
580,25.231528165741395,1.6422286001723998,0.8547732019454327,14781.16529234557,-457.2151030268821,-2988.8460964790397,-1438,0
581,27.856429866741472,2.7538152621166683,0.5592821073950376,27109.373958374665,-826.3316160394045,-5903.39104276838,-245,0
582,35.958337041610164,4.960082980675146,0.4453335862262744,19911.716929399292,-1345.1050052333371,-1488.6675370748392,-233,0
583,33.680595104938185,15.802588495315447,1.8653056689027754,59362.35631435837,-3681.4880330261058,-5971.532679732913,-13667,0
584,29.34648725068211,0.19564726324482806,0.9710934836796767,22488.208553226024,-677.4349491901114,-5391.431673560625,-190,0
585,38.3532783388071,19.196674083640975,2.090933543563728,73367.40035468832,-7698.4473152896935,-32857.82228966203,-1231,0
586,36.05293829094882,4.116547234146143,0.041947339511007466,17289.69277053404,-909.6889468418437,-3459.713552711659,-799,0
587,25.815978758694328,0.4510992843814139,0.3394410896900617,34053.98665978759,-4387.782117085886,-5064.726609660913,-179,0
588,32.22754902386257,8.161311207755622,0.4918912484168878,25633.035822831534,-485.6098507280625,-453.25759772100787,-922,0
589,31.07432209871287,0.4946700684091132,0.035526817282799314,16795.955067901967,-403.7002871542612,124.57015967965651,-3406,0
590,38.08296614760685,17.82513438874348,0.2179367256944967,67276.61640972373,-10497.478673070123,-4908.372298056489,-23644,0
591,51.75498668373074,15.311418638205827,0.3974035925557402,46265.46001403995,-2569.221967847932,-2339.418220030991,-14994,0
592,40.01286703278758,20.181741944400848,1.6362473290360957,144700.36491167374,-6447.4388184168565,-29135.042519927178,-55929,0
593,28.26545363898077,6.851477607541273,0.3909795484123217,52053.61609725267,-2458.758894214076,-13116.617594203688,-3,0
594,38.66200460800753,0.6056025450407536,0.128400902583544,30128.621361757178,-1210.4927928994985,-2707.149914826897,-4860,0
595,44.13364840447053,0.038036530328417466,0.7619006179837231,25094.200598355783,-293.207213253321,-2250.20482391979,-4723,0
596,42.1964485179329,13.251453627958696,0.5826260013299397,58643.794323450784,-5164.710651931381,-11395.312939066496,-6705,0
597,24.599520365913456,7.82043640299953,1.9322918069943869,17453.121524680137,-983.5775495724985,-1431.8410312361282,-6652,1
598,24.965291177140625,2.3694259609887984,0.311767719254926,27214.160156711438,-1446.019545427508,-2100.6933616074475,-3498,0
599,38.961368923816266,16.692102085593675,0.6901196789418328,115210.81642130332,-3205.9737550110094,-25826.622271723827,-20902,0
600,45.872203519848,16.413812467531063,0.012214156780950298,123171.43473705507,-1195.0289392025488,-6469.828307323092,-66395,0
601,25.923831915545904,0.34994294467971854,0.23969431516044912,12180.599689044318,-2057.281182182171,-3696.3128375267497,-2259,0
602,27.79547148323456,4.465622273263394,0.3655155989624602,38536.24386388324,-6970.266233124351,-3018.0628998511156,-1776,0
603,37.33211021436821,9.300893467337456,0.022172232539428165,30601.94958585778,-2891.7701663146454,-1673.6445208274292,-6811,0
604,27.996472720832426,8.425069484938891,1.059541790346391,15587.51277708365,-38.11403568281932,-1757.8681939445605,-3240,0
605,39.24311283838369,5.396430044512,0.7398761384774979,27598.75525026267,-775.59124126531,-4374.0530295272365,-853,0
606,30.672990066530048,7.810519970354991,2.466751746990059,16574.84386036811,-832.8197528763699,-3200.1448422761805,-5819,0
607,36.128017393985274,0.20003672220703747,0.9474459269857454,30115.22071098403,-245.08071925222333,1215.0259095615631,-14313,0
608,28.880336542756446,4.303177003728779,0.21335494348551648,39699.02817521303,-503.94454107525223,-2298.18587403677,-12748,0
609,35.00531529346467,9.817899901997695,1.6676801090534175,30621.421783611233,-830.7837109760247,-2705.9209255632936,-5174,1
610,43.38495157471494,10.252315048076431,0.5678967029615996,54600.94835066296,-1861.2532943836395,-4448.7603048196725,-20009,0
611,34.409869118921634,10.463649235788763,0.4783326146086841,32726.75475051959,-2379.387769130398,-6655.504300259699,-2741,0
612,32.453739639870115,1.1360688560426004,0.8284193570120525,20581.3421409232,-119.68472545590643,-3642.3010021394693,-1971,0
613,38.78125059260042,13.630925001544691,0.9532852678077948,43637.38953936074,-664.5051195485966,-216.6697701981917,-13743,0
614,29.13855835639756,10.582365798825768,0.7005118284229048,54916.592663103904,-9303.601835753205,-10578.554672559685,0,0
615,42.00412494565282,4.601985834439714,0.5300047238621337,37702.34985340517,-3196.3325366273184,-8647.051297999727,-4673,0
616,36.86466708175402,15.135367843267385,1.227705249987846,41990.732123605434,-466.4585054909528,-257.84082143771764,-15178,0
617,38.32655897233144,12.222852678752519,1.1815020257492919,62888.707459001,-3390.8726439849593,-4983.46418496817,-7332,0
618,27.543626052091923,5.383685861371313,0.13461835982432455,27477.166018931493,-580.8511173115085,-4856.983166510767,-8957,1
619,30.217270653938773,1.3528014247198716,0.36882110341811986,25276.836763355153,-1108.8749132759046,-3672.6795644201034,-8858,1
620,24.236946936898715,5.91186850988862,1.2147330408331503,44921.84984649099,-12089.468675750588,-11256.018051819268,-4859,0
621,42.36782948509398,19.712514012421526,0.12335343512699548,65417.14654497909,-3026.235430781858,-6582.008415375203,-1622,0
622,30.48244782493637,9.226595936643267,1.1214579747438858,58409.116468895925,-12005.647105452288,-12116.281855291416,-1915,0
623,26.469083575355416,2.274011902931383,0.7175796365559384,19708.016495230255,-576.9417721853962,-1626.7323289535475,-6164,0
624,30.1590912134991,13.787219718822087,1.0498776082783647,36701.70850564857,-579.27253186936,-1391.7468025589249,-3026,0
625,16.668825485246735,0.023889836004140998,0.6624843445266682,19835.610638171685,-168.06531254964924,-2317.2246041838607,-9677,1
626,41.88881366223036,6.607362287528075,1.1490962512408311,18651.19565212025,-820.3828910550765,-4042.1289998951197,-7856,0
627,41.88260435952214,22.24989298623624,2.178460298287777,122141.6639857895,-2689.7012191661997,-3534.5669434589463,-56009,0
628,42.34945907751943,12.135595871535578,0.9548738649288439,81970.35964215924,-2519.8355050960295,-2697.5833958122826,-695,0
629,40.492162510067345,17.780316016276156,0.8666674620620249,177437.18941161473,-22721.70174342774,-10576.45613219664,-7089,0
630,24.032384850659604,2.300872752889303,0.5257896512949889,26688.048153952706,-1800.357146913937,-1898.4399081926495,-11571,0
631,49.27657489718717,30.49845331770769,0.545212956214644,100877.05857364797,-3766.070312843111,-10455.907603943377,-31876,0
632,34.36271269312093,6.578350536722157,3.0721688387761708,31822.48978261067,-240.6625281452446,-8407.355371945258,-1001,1
633,48.59470778044919,22.957874537060807,1.1642743692924773,81548.52539043815,-585.6808909590236,-11415.561503729492,0,0
634,44.66736586429858,13.923319423449568,0.4126001988870836,55271.376764880115,-3110.309388461641,-14359.7239202894,-4959,0
635,44.50834121943959,19.265854910415882,0.3894161180985043,94642.14949026084,-4416.534693008766,-9770.15460488819,-3910,0
636,39.80960945718985,3.4813853845845495,0.4842937923613018,23456.29928700132,-1415.29548925391,-3745.898743329305,0,0
637,18.190520515580065,0.21458800146124468,0.4285586393925543,16185.974785983233,-1715.6910815561205,-4127.859789742003,-5418,0
638,34.44481809197586,9.430417739567742,0.7380512997675459,42971.20868015394,-1770.8044556590044,-8394.316940352253,-12724,0
639,27.041006776595307,2.237621619463657,0.15652090962716897,10966.296524988698,-1662.3950572939705,-2910.2197172513725,-901,0
640,31.872393756100433,14.52829409527432,0.17897284220311524,38345.653479377004,-313.69459175828973,-3389.5141924394884,-9002,0
641,48.06872199188396,22.897982769939848,1.386958361477505,140039.39285478738,-6668.758611097937,-26621.687558912075,-10588,0
642,30.12647863546444,5.357465051016412,0.28072942575933507,23221.581645385766,-207.18204113132822,-962.3068784366402,-1632,0
643,39.7633722145983,8.225061718236198,1.7526159459743769,33101.740559176804,-1211.5845508417322,589.2489878506872,-8245,0
644,49.03355669118602,15.382472236885635,0.4463762825199496,225132.32866391144,-31438.85504965204,-47020.533152516364,-71651,0
645,47.292004885309915,6.7451456339634905,1.2896895863769224,32693.39560842771,-3879.843983488304,-3486.597849306692,-486,0
646,26.948959482556862,3.04885059862935,1.9402015023302068,42342.32689816445,-11770.500593289134,-8483.159604927781,-3607,0
647,24.91171735425218,7.408788493269437,0.5510454225339363,19123.718897803727,-740.0752192508072,-2415.0524934692403,0,0
648,33.14746763835464,2.6198340899099906,0.8686404744727706,26732.98776932654,-3684.7369138547124,-3300.901412856385,-8546,0
649,22.736360650615335,2.951197213208708,0.1525081757573257,34396.18660650972,-666.2593766941852,-11682.597378619203,-3256,0
650,33.11575064150406,0.8374774144427144,0.32521523378791634,28569.911688046985,-3394.938547640815,-3841.611142191183,-6444,0
651,19.97815107427655,1.4671784111609008,0.6771155215386953,15303.783949722001,-139.9961673540367,-2862.266933181336,-1847,0
652,25.545400192920113,2.1179043952976855,0.9559119398310791,12669.885576895998,-1331.449385399794,-1439.3316779302243,-4160,0
653,41.47444978344176,18.074075819301704,2.245325427307259,72444.30754115326,-13028.622225520625,-9879.694058615,-513,0
654,28.86275797478792,0.6599877136138061,1.029913558502397,17438.369970978078,-672.6688851697435,-609.1073716910417,0,0
655,34.99307091545934,0.6918262763025801,0.7064804405107178,31936.800512966893,-2755.8266796186563,-4145.885974335187,-6718,0
656,30.334947975892256,5.4983941152555875,1.3933046803516005,23034.272959528153,-482.58136405681756,-1782.0750680992912,-11188,0
657,39.73377347487195,9.615248502257074,0.22591740080201733,37849.14963668868,-5312.358723032289,-4687.312022512787,-374,0
658,20.927546608205574,3.0507830124343776,1.2081748413531794,22988.597925252074,-658.7553639210341,-531.7569444474047,-10661,0
659,35.72314257005081,2.5100313413123434,1.1332623824285208,30095.113368053964,-623.6724448869749,-5566.486309847753,-4781,0
660,32.46935782623256,14.762509029060007,6.322602569601887e-07,29222.067226256164,-982.5366533937405,-2054.5190708825667,-17274,0
661,31.487017834388624,13.874103712921642,0.25384989277219366,53945.83302898588,-5357.144651708658,-18443.585368182114,0,0
662,47.13551475928544,2.425117489755944,2.522865923660234,31927.99191824141,-5593.615748246578,-8241.94436782388,0,0
663,28.935505009520508,4.649337798860741,0.5482537047040014,37254.50942791589,-6297.045551916628,-11865.359493603917,-3252,0
664,34.56347028318216,13.88953958062443,0.9714039819700275,77485.88080191863,-3489.146837840387,-8333.00523595593,-28185,0
665,39.922550550345576,13.185792376360105,0.24390505053590056,101665.48142564026,-12450.273389940074,-25526.07884457472,-24689,0
666,34.70151552502633,16.65820077094184,1.804713603784354,54845.48971585909,-1609.5040186567358,-4500.391819473843,-18109,0
667,33.830473997409136,9.69121165884235,0.25890187519163316,58631.73499977192,-6352.867974280438,-11290.730655194071,-392,0
668,35.066417867544594,7.837198040742793,0.9328586211390524,26496.906255432423,-964.1461028288742,-1309.4392971696943,-158,0
669,32.380587712214265,1.677614245403197,0.12558021806308434,38102.15019794064,-1225.843630621568,-1648.5087143097494,-8386,0
670,45.63516888573973,16.928814959389896,0.29441377296751625,77522.88072993682,-8983.687539463326,-10935.139932446784,-7503,0
671,23.64054675993709,3.6670218321569976,0.7905768151356933,19566.64786347219,-681.1291326814649,-3837.8678745270618,-528,0
672,28.755658455619358,7.641093292961186,0.46210931402815847,24632.86087267973,-1015.7481233850523,-3726.9163832307927,-7025,0
673,25.467030904893317,3.0805006854329946,0.2456617184693887,16515.125364158517,-2573.0430426295293,-6718.544897639074,0,0
674,29.87841101063655,2.4294948045681046,0.898537044346119,16495.244389727293,-265.9587123438921,1126.9432282970124,-10446,0
675,23.681441383921474,3.3202051940343136,0.5821580844872437,35399.14257407055,-334.3751785716689,-2881.3579340504357,-5679,0
676,28.00675864993371,7.169623503151922,0.5473131473051582,21383.393989760545,-1387.768556901573,-3139.100533716376,-6958,0
677,41.86991714003666,7.495948434101329,0.5472144862692543,43723.45331619455,-1306.082596966091,-1129.3401815418486,-1281,0
678,49.47973108913569,8.706801765755392,0.26598052503032676,68045.4773602262,-2565.9052092370193,-11141.35076859495,0,0
679,32.1900728180351,3.455114381706402,1.5630640428650138,54010.326865681775,-393.85901682598956,-1573.4316045496219,-33424,0
680,36.41061376744148,0.8679478178849607,0.696118928292582,24452.65864240712,-737.8166257667501,-2564.8604193719307,0,0
681,45.189097477849536,8.429385838376573,0.2533220037235721,69448.23094064764,-1557.3950131743181,-7387.958439427344,-16494,0
682,34.8111434829536,17.987866938812108,0.12869083741131354,52717.024303783954,-1726.7310924008123,-10154.449299645477,-2819,0
683,44.97353846083403,17.072228633703908,1.3603447155425952,30033.417333801255,-4352.408347951524,-9668.937914912136,-4963,0
684,31.764964047009265,14.688058233596381,1.1800497810863875,27608.86688886968,-386.6731465935849,-1070.534846491295,-2258,0
685,34.69214413376809,5.513439291365232,0.5990209603215132,29259.044494154496,-2330.2908689519504,-5088.591220247297,-3227,0
686,28.485214766470566,9.16993781803347,1.0274496589393731,31945.50619542013,-1896.632228640214,-2349.3821120702955,-13514,0
687,25.620189034207968,2.768936789271738,0.09239694222449875,38752.83982669368,-1646.8269039383952,-2679.3778435592585,-16402,0
688,34.32674835327344,9.282548220379152,1.8408536088673917,33107.87680814478,-112.41191500265171,-1512.7525659103474,-3525,0
689,37.799145698531674,0.14163727118369263,1.2141851054753612,26062.034865529535,-472.04220646818084,-3531.8364580568186,-11452,0
690,27.850834301334032,5.724364769773809,0.4874470527202209,59483.965917379144,-4055.224751078467,-18060.96056299867,-14429,0
691,17.013479400149357,0.6705953834270726,0.7248966371964967,18195.42281457821,-1001.4246787205354,-2136.1915732733005,0,0
692,39.68257125579492,20.88490678391329,1.3031854717141773,75202.16640938356,-13973.701973779895,-17536.548645179748,-17364,0
693,34.75282711112458,8.690012187785527,1.7803065286063755,45687.945311392745,-2364.255787258662,-5004.307366706306,-22617,0
694,26.084490058807255,2.3802020611798795,0.9521237289145396,22707.291274419535,-1540.8467847589486,361.0463133288092,-11939,0
695,42.039620144188774,7.530809030545548,0.45171556584279693,22080.00907228019,-400.91506684516924,-1754.0829936566938,-3836,0
696,36.85936294043573,15.01738439148939,0.7025498413828398,40213.306075290726,-5712.055375857413,-8996.958971262593,-12011,0
697,37.64722769403271,15.01483205681256,0.6290432218855678,35803.38534935746,-899.6130717020689,-3194.2161395279454,-5710,0
698,32.68040151435461,12.317331334304058,0.2562370738318446,39620.74123963873,-335.0175567479737,-1878.1916940849771,-9210,0
699,37.33012344517532,23.02901749837004,0.6990472797878359,94114.46966973678,-1187.0008223276307,-24603.20363501162,-35527,0
700,32.178508338951595,5.450211956197901,2.0078647309409514,55883.15579208689,-884.0261114094483,-2477.2900007045973,-25667,0
701,47.49124818582069,1.5618465687200853,0.15896837464603694,31968.80382372088,-943.9770386018387,-986.7515793874461,-2939,0
702,26.638243299310624,2.6174452622449094,2.3005609249708425,24191.97866636798,-757.590963043436,-1264.9306911100712,-11207,0
703,23.355108120345825,1.4968535491960875,0.5116667956242912,45733.14569364885,-1897.0031371334585,-1582.6221260934392,0,1
704,43.92628020500097,6.977516249025817,0.44889832549914355,29016.88168928636,-2067.911394055886,-7051.085164690873,-2972,0
705,33.61284565952204,11.648910105650263,0.6898830286388304,41203.75630473447,-3102.143623881844,-5431.0081206789855,-6210,1
706,52.28392098663151,1.2791286923719498,0.23236293706782918,21335.584435103094,-60.34677701830303,-1374.2229521978788,-5160,0
707,43.87787686866007,17.050283935762387,1.151565519019271,77604.68380169872,-1809.0917515723702,-6142.936255709684,-22473,0
708,38.30048662234904,16.6241537206412,0.4011679027333197,90962.90973955668,-326.4990336619254,525.5054421123698,-262,0
709,35.975635542720475,9.845697574722612,0.445610671141583,30316.529462731163,-32.39897859162974,-1586.37857452029,-4131,0
710,28.715719339234617,10.610542103426228,1.0183856120434018,27053.030743841446,18.367796373946874,118.62307057962494,-1567,0
711,45.32513184506926,1.4858308180917232,1.1995961810400637,19030.13478775632,-2925.0634625577304,-2597.3577869788533,-3273,0
712,25.781182931680245,1.2229908362221487,2.0129757312619123,19359.096520611318,-267.8788874173782,501.3284445660786,-12267,0
713,40.111349183146686,7.248553057286515,0.5141822986832982,61049.71591848738,-8078.656037521141,-17483.29431435614,0,0
714,22.208425276451745,7.105741858998893,0.07929681346533408,32151.318768970476,-1062.2992964415223,-2443.3625353421785,-10462,0
715,30.425186466473317,2.404187198036029,0.13486276724828253,23164.139988243598,-826.5805128115319,-3203.8090594831624,0,0
716,25.50488507938563,6.438743161059439,1.052156324449524,25686.041532085204,-665.0629324992374,-2279.2908895335,-3115,0
717,36.182162915578346,5.34339837960132,1.8300267147100053,30212.5417646675,-3693.6169667464337,-6360.6876177084505,-6419,0
718,45.421958204217944,23.10444240776373,0.6624103298495954,106131.45576900005,-7420.067497437898,-10169.720093130718,-20089,0
719,34.728150794480285,13.658931739337415,0.3062361635221964,55466.202393833475,-789.7361560434988,-364.5573690768638,-26039,0
720,22.780048652296575,0.1744934002569118,1.4193278395328712,24003.809181522767,-734.6887615122567,-2054.8676632171605,-6141,0
721,31.153637812367997,11.090193462077394,0.03541459901994039,47486.17805123362,-5785.7277384532945,-5960.1739486310435,-13152,1
722,42.00401358799583,32.63965470480399,0.6195475162426355,135739.09897361297,-28423.555479245893,-33438.8236074477,-8253,0
723,38.504222613618154,14.249419574264428,0.23887253180830517,28179.077574465613,-1161.241768671667,-3523.6357829750286,-178,0
724,48.83351928298254,18.39032584285934,0.39903674724978977,159470.79119194378,-2000.5052634967788,-7776.6066904892305,-98153,0
725,47.256949088748314,22.771526658142925,0.7450674085541596,78771.89608224183,-3112.985683608165,-6374.777421936066,-17158,0
726,46.35423846601382,11.239994337588538,1.5373614092865673,53443.782491611186,-1318.3494269945538,-13742.586836845423,0,0
727,19.99320663852503,5.821782475134307,0.7723554852779732,31315.754007393618,-1257.5400675690541,-2934.737510665147,-15969,0
728,35.880374059952736,14.319001446566178,1.3015924891965582,37658.111048794046,-2162.523785080827,-11673.482685520354,0,0
729,36.795674829936814,8.82165249396559,0.29440617065555036,29431.672228848875,-1400.9810241388868,-2950.8425773949575,-8263,0
730,30.07935495849508,11.45121059417834,1.2744170652996218,22685.242775090606,-33.27944809306567,-423.16453596427925,0,0
731,44.280877871171356,18.082021851771284,1.8839270420242533,45550.90898451972,-1122.5365221408329,-2546.4261441991703,-26015,0
732,44.11040340136512,27.768943364900338,0.3952117391539519,73705.23395838465,-8805.523435006593,-6160.211147040545,-1358,0
733,28.14911026671096,9.860015234311525,0.23780957282667098,38970.4187939514,-4145.242509014438,-4004.470389349123,-15248,0
734,18.91565850351143,0.2564300150310504,0.10129923673975706,35812.1355708273,-1544.6898434411692,-6056.73419395136,-5624,0
735,38.6872415829404,13.821473323658845,0.025730040914102126,45549.219243912055,-5726.347840280092,-6517.017414145848,-4362,0
736,31.916367740915263,1.8706548951093422,0.5953593137007273,30808.590141857236,-2953.1416136365124,-9665.819870891026,-8788,0
737,31.92573175051388,6.347472276365615,0.6970440122319099,30535.22324084063,-5066.686286012935,-4061.8865756703653,-2435,0
738,32.843179894403555,10.637822799578045,0.7919747116226667,26949.02490583479,-786.3073062927926,-521.5441551830597,-3983,0
739,28.82176248142718,5.357978045006342,1.4463253937861935,75578.18526716303,-6242.686333836666,-23220.362708116714,-838,0
740,59.19982013911828,18.39760229287525,0.7700734752064439,77925.1464360413,-8883.190960059044,-15816.709102552744,-12177,0
741,23.551043286094185,6.202120264691578,0.07293341119343062,19433.28713666156,-1545.1936542955714,-2135.0807116607775,0,0
742,23.4687834981533,0.04775389075444116,0.8062560071233816,16045.671084920335,-373.20895145130453,-2354.5482694906505,-2228,0
743,37.30657558597376,4.48983817954461,0.7347956435323769,31273.449018110583,-2728.2031874190675,-10611.591957425639,-4125,0
744,41.453208695940624,10.057118125111089,1.5539670712999765,34535.78648427353,-1382.311749106241,-4514.596979354861,0,0
745,29.498426335775402,1.8099107284095899,0.510815730344596,36931.51072164931,-3147.7087016145233,-8909.45785221392,-11007,0
746,30.753525089382872,5.3332963404562745,0.895249982092297,33179.50709905374,-6568.835026194135,-7792.150182553352,-4274,0
747,38.15048602183164,6.611604981267899,1.7093497721326136,65964.22045467535,-1931.7151648211502,-15638.373868210205,-1050,0
748,37.31716054131923,14.802571549734889,0.20670383746660265,90365.34776386133,-4704.422633688655,-42455.92540809932,-10214,0
749,30.72944122594415,4.175239561071184,0.08265149850460177,30433.670624432772,-4921.631893595147,-8631.56321757024,-4934,0
750,19.219802995956826,0.4709904029934291,0.6948671565558767,26731.725226793616,-3140.4160768887577,-127.16038263812982,-7142,0
751,30.117944670032806,10.740193093471236,0.6646300354446841,31905.012536963648,-2744.406849599219,-1408.8197393327478,-12163,0
752,40.83313404920216,9.129540919881244,0.1858199469641626,29372.938529845247,-330.3172249788072,-4320.667593963804,-6761,0
753,26.75754390470605,3.12842965821644,0.4495405493240391,22083.48644687763,-588.4779100376229,445.77262347636474,0,0
754,48.7827855761597,10.298750717704342,1.8553060658804248,31597.50618312691,-1123.8587291095077,-2420.7486638548826,-7851,0
755,30.626721252894487,6.599543417717146,0.7197721705620166,16402.023071555286,-31.884854028984655,-940.8170100281678,-3128,0
756,37.215676417891366,2.8221810041540287,0.47334951572573497,28101.317754540465,-546.966051889541,-2218.5350205821096,0,0
757,36.183626548526576,20.89016766022915,0.15946398083640997,55181.95453686714,-2325.1139929661063,-757.5287279344042,-33317,1
758,28.135942928685868,0.8781665188154161,0.9324801645840299,27325.095956172376,-4517.149239550358,-13525.268968519247,-330,0
759,39.06310592592969,5.523540046753278,1.3835864144939445,24031.96669616927,-1828.4390878828008,-3337.7135756204552,-8540,0
760,37.46040283118722,6.550070173706092,0.43294306795829535,59164.31405910483,-1660.5638763742575,-2732.9695822446115,-12604,0
761,35.88253805975654,11.04731910248095,0.6518527499441084,89665.71602320625,-5493.438849944108,-25329.28973001614,-19544,0
762,34.46405258857807,2.7557009921612803,0.5147507717594787,38271.29990976627,-2166.9507840432043,-8003.1124699370175,-10531,0
763,40.93402830757693,25.45283533592967,0.5500732283675706,246980.71323150344,-3320.0063262635945,-10466.690877852398,-14558,0
764,32.38333265043151,9.581500284407529,0.41772803040349454,31816.30369564533,-2717.2902194040526,-4728.356701270359,-12116,0
765,48.703888602279406,23.333018895500622,0.9854793596472194,67102.6029404988,-7935.665903864153,-5607.101312944493,0,0
766,30.575827705984114,3.7478983746216095,0.8456909670708038,52641.85199711117,-4372.7533177639425,-2764.271654266514,0,0
767,30.88132551711477,0.26205407405508807,0.1658984375597397,22259.737263727475,-808.7931033224826,137.6408157512924,-3931,0
768,50.30923725800655,15.570767717281871,0.4390176274818852,62266.569794003095,-3662.9737656536104,-6062.6501198414035,-5152,0
769,41.89917035649115,2.525774908141202,0.5703828523253719,27757.449348083028,-2935.7393197236497,-1667.302854293731,-255,0
770,28.937343343624512,1.0991974798506323,0.7443466863471404,16519.987163592334,-2138.530916698264,-3522.6739739349377,-2123,0
771,29.351796898163318,14.102595741858938,0.10117535796922665,42472.65916521822,-2902.817331674204,-2886.9196207191494,-10344,0
772,29.17708304480974,2.1432491215262104,1.9492747909276522,42565.9872404884,-947.6541885526349,750.3517326457593,-4265,0
773,26.207293156139148,0.725796349767384,2.237186081199657,17691.961825869475,-653.8979900041165,-3788.9908495805275,-2353,0
774,27.549754053476782,12.0635733472804,1.9434093010247813,27840.438834677203,-120.8670820996489,8.049997087519671,-17288,0
775,43.059300980851575,4.693802567855017,0.8568699739389237,29562.0336099964,-134.00945757568167,-1865.423356874246,-18499,0
776,23.48327044587411,4.398428979285156,1.488202665666256,22892.728408039067,-791.3324473448889,-1472.0877242111537,0,0
777,53.537302159879594,14.035966323075948,0.88537398461296,50923.41641878943,-871.1713959232179,-640.5618222152436,-22894,0
778,23.21407054369749,1.0192640693573345,0.15089488647937366,15093.643104372291,-176.48061868464657,-555.8544627589836,-7579,1
779,44.708198396353374,22.818379065673287,1.1734292093966339,87642.02945687059,-2572.0382884665096,-17849.56148826428,-37658,0
780,39.955050275987034,11.87997965093033,0.098558766192792,86131.42163954397,-10018.75212313147,-35982.417306089585,0,0
781,27.13166208376859,0.3183474194541107,1.9124621826839634,15519.164928927878,-1141.4573613386615,-5534.932364879271,-3333,0
782,45.85052827399367,2.5607943491492673,0.24483094495159874,42964.69042419923,-756.5198167036413,-2553.6212064702536,0,0
783,30.37831009205345,7.738747702279689,1.2258194110381249,34103.341572278834,-591.3047172229943,-7259.609391474907,-6241,0
784,38.77264124748172,22.299269155072835,1.2688418800716375,55032.95218785517,-1140.8262258979819,-286.06210940313497,-9590,0
785,35.89947370352525,18.830875043320347,0.3951902732294437,59836.79576700339,-2138.304447583316,-5043.723194374045,-18531,0
786,32.750849766304135,0.618779468462226,0.9525897296588935,25930.88721338565,-297.609717891031,-2750.9080130749753,-10057,0
787,37.26291780677617,10.724150016064403,1.570945959475302,31600.881451403744,-2302.416618410449,-20103.026610166784,0,0
788,43.72010606269863,13.611015775632083,1.8955350518742122,185556.70440371035,-4673.584340445798,-8333.78245286762,-94893,0
789,56.21161103457794,12.494008857466325,0.45365260316310196,233588.69231033727,-14613.558159912194,-20247.997641966947,-4994,0
790,45.35661741579715,16.631775469618983,1.315280240849915,59545.546828833096,-4847.961693108175,-13622.85814643497,0,0
791,29.006690598178057,7.555823948657267,0.037861895936102126,37508.32816294754,83.03173688772199,-1554.7130349438141,-1829,0
792,25.59636560095606,3.318904593444993,0.4682352508183181,34757.186478561096,-838.0629201567875,-5385.351534108125,-18005,0
793,34.511069159110576,1.7250716402082868,1.76884699095369,29833.413447473707,-5502.433607832081,-5496.219568942795,-1138,0
794,44.621885244232885,22.760476596244736,1.100299476920228,50644.73971431122,-979.092943628788,-2409.493520951436,-12443,0
795,38.837771157214746,15.145963279954275,1.0226730227358214,72908.0261146726,-2220.6363389195035,361.2597608203962,-38293,0
796,49.656616698542976,16.016210684951517,0.23665137076948553,70526.44226095731,-3099.7713631406123,-13605.37258917788,-15050,0
797,23.781739007137684,2.974787820045239,0.6981037801588875,17317.674094332964,-122.44159227459069,104.1565046370726,0,0
798,32.83625010888291,3.9738117390068077,0.749181954353059,29402.889007848848,-441.76527706804916,-3908.3679858516634,-11656,0
799,43.89185693923062,13.967162694680452,0.08444089132891984,43729.52651573492,-243.76157385661787,-2534.8919835512443,-20134,0
800,41.33334201303505,6.56451770085077,1.406920548597204,53666.25019836304,-1227.5111165463902,-10750.936638874882,0,0
